<?xml version="1.0" encoding="UTF-8"?>

<DeviceMetric xmlns="http://hl7.org/fhir">
  <id value="deviceMetric-008"/>
  <text>
    <status value="generated"/><div xmlns="http://www.w3.org/1999/xhtml"><p class="res-header-id"><b>Generated Narrative: DeviceMetric deviceMetric-008</b></p><a name="deviceMetric-008"> </a><a name="hcdeviceMetric-008"> </a><p><b>type</b>: <span title="Codes:">Heart Rate</span></p><p><b>unit</b>: <span title="Codes:">beats/min</span></p><p><b>parent</b>: <a href="Bundle-DeviceAuditExample.html#urn-uuid-device-001">Bundle: type = collection; timestamp = 2025-07-30 10:10:00+0100</a></p><p><b>operationalStatus</b>: On</p><p><b>category</b>: Measurement</p></div>
  </text>
  <type>
    <text value="Heart Rate"/>
  </type>
  <unit>
    <text value="beats/min"/>
  </unit>
  <parent>
    <reference value="urn:uuid:device-001"/>
  </parent>
  <operationalStatus value="on"/>
  <category value="measurement"/>
</DeviceMetric>