<?xml version="1.0" encoding="UTF-8"?>

<Organization xmlns="http://hl7.org/fhir">
  <id value="org-007"/>
  <text>
    <status value="generated"/><div xmlns="http://www.w3.org/1999/xhtml"><p class="res-header-id"><b>Generated Narrative: Organization org-007</b></p><a name="org-007"> </a><a name="hcorg-007"> </a><p><b>identifier</b>: <code>https://herfama.lagos.ng</code>/HF001</p><p><b>name</b>: Diagnostic Research Center</p></div>
  </text>
  <identifier>
    <system value="https://herfama.lagos.ng"/>
    <value value="HF001"/>
  </identifier>
  <name value="Diagnostic Research Center"/>
</Organization>