<?xml version="1.0" encoding="UTF-8"?>

<Organization xmlns="http://hl7.org/fhir">
  <id value="organization-004"/>
  <meta>
    <profile value="https://dhin.org/2025Connectathon/StructureDefinition/ng-imm-organization"/>
  </meta>
  <text>
    <status value="generated"/><div xmlns="http://www.w3.org/1999/xhtml"><p class="res-header-id"><b>Generated Narrative: Organization organization-004</b></p><a name="organization-004"> </a><a name="hcorganization-004"> </a><div style="display: inline-block; background-color: #d9e0e7; padding: 6px; margin: 4px; border: 1px solid #8da1b4; border-radius: 5px; line-height: 60%"><p style="margin-bottom: 0px"/><p style="margin-bottom: 0px">Profile: <a href="StructureDefinition-ng-imm-organization.html">NG Organization</a></p></div><p><b>identifier</b>: <code>https://herfama.lagos.ng</code>/HF-0001</p><p><b>active</b>: true</p><p><b>type</b>: <span title="Codes:{http://terminology.hl7.org/CodeSystem/organization-type prov}">Healthcare Provider</span></p><p><b>name</b>: Sunlight Medical Center</p><p><b>telecom</b>: <a href="tel:+2348012345678">+2348012345678</a></p><p><b>address</b>: 12 Ikoyi Crescent Lagos Lagos </p></div>
  </text>
  <identifier>
    <system value="https://herfama.lagos.ng"/>
    <value value="HF-0001"/>
  </identifier>
  <active value="true"/>
  <type>
    <coding>
      <system value="http://terminology.hl7.org/CodeSystem/organization-type"/>
      <code value="prov"/>
      <display value="Healthcare Provider"/>
    </coding>
  </type>
  <name value="Sunlight Medical Center"/>
  <telecom>
    <system value="phone"/>
    <value value="+2348012345678"/>
  </telecom>
  <address>
    <line value="12 Ikoyi Crescent"/>
    <city value="Lagos"/>
    <district value="ikeja"/>
    <state value="Lagos"/>
  </address>
</Organization>