<?xml version="1.0" encoding="UTF-8"?>

<Patient xmlns="http://hl7.org/fhir">
  <id value="patient-005"/>
  <text>
    <status value="generated"/><div xmlns="http://www.w3.org/1999/xhtml"><p class="res-header-id"><b>Generated Narrative: Patient patient-005</b></p><a name="patient-005"> </a><a name="hcpatient-005"> </a><p style="border: 1px #661aff solid; background-color: #e6e6ff; padding: 10px;">Musa Abubakar  Male, DoB: 1988-04-22 ( https://nimc.gov.ng#NIN99887766)</p><hr/></div>
  </text>
  <identifier>
    <system value="https://nimc.gov.ng"/>
    <value value="NIN99887766"/>
  </identifier>
  <name>
    <family value="Abubakar"/>
    <given value="Musa"/>
  </name>
  <gender value="male"/>
  <birthDate value="1988-04-22"/>
</Patient>