<?xml version="1.0" encoding="UTF-8"?>

<Patient xmlns="http://hl7.org/fhir">
  <id value="patient-008"/>
  <text>
    <status value="generated"/><div xmlns="http://www.w3.org/1999/xhtml"><p class="res-header-id"><b>Generated Narrative: Patient patient-008</b></p><a name="patient-008"> </a><a name="hcpatient-008"> </a><p style="border: 1px #661aff solid; background-color: #e6e6ff; padding: 10px;">Grace Ibrahim  Female, DoB: 1990-06-15 ( https://nimc.gov.ng#NIN98989898)</p><hr/></div>
  </text>
  <identifier>
    <system value="https://nimc.gov.ng"/>
    <value value="NIN98989898"/>
  </identifier>
  <name>
    <family value="Ibrahim"/>
    <given value="Grace"/>
  </name>
  <gender value="female"/>
  <birthDate value="1990-06-15"/>
</Patient>