<?xml version="1.0" encoding="UTF-8"?>

<DeviceDefinition xmlns="http://hl7.org/fhir">
  <id value="device-def-006"/>
  <meta>
    <profile value="https://dhin.org/2025Connectathon/StructureDefinition/ng-device-definition"/>
  </meta>
  <text>
    <status value="generated"/><div xmlns="http://www.w3.org/1999/xhtml"><p class="res-header-id"><b>Generated Narrative: DeviceDefinition device-def-006</b></p><a name="device-def-006"> </a><a name="hcdevice-def-006"> </a><div style="display: inline-block; background-color: #d9e0e7; padding: 6px; margin: 4px; border: 1px solid #8da1b4; border-radius: 5px; line-height: 60%"><p style="margin-bottom: 0px"/><p style="margin-bottom: 0px">Profile: <a href="StructureDefinition-ng-device-definition.html">NG DeviceDefinition</a></p></div><h3>DeviceNames</h3><table class="grid"><tr><td style="display: none">-</td><td><b>Name</b></td><td><b>Type</b></td></tr><tr><td style="display: none">*</td><td>ARCHITECT c4000</td><td>Manufacturer name</td></tr></table><p><b>modelNumber</b>: C4000</p><p><b>type</b>: <span title="Codes:{http://terminology.hl7.org/CodeSystem/device-type CHEM}">CHEM</span></p></div>
  </text>
  <deviceName>
    <name value="ARCHITECT c4000"/>
    <type value="manufacturer-name"/>
  </deviceName>
  <modelNumber value="C4000"/>
  <type>
    <coding>
      <system value="http://terminology.hl7.org/CodeSystem/device-type"/>
      <code value="CHEM"/>
    </coding>
  </type>
</DeviceDefinition>