<?xml version="1.0" encoding="UTF-8"?>

<ImplementationGuide xmlns="http://hl7.org/fhir">
  <id value="2025connectathonMedicalDevices"/>
  <text>
    <status value="generated"/><div xmlns="http://www.w3.org/1999/xhtml"><p class="res-header-id"><b>Generated Narrative: ImplementationGuide 2025connectathonMedicalDevices</b></p><a name="2025connectathonMedicalDevices"> </a><a name="hc2025connectathonMedicalDevices"> </a><h2>DHINandSON2025connectathonMedicalDevices</h2><p>The official URL for this implementation guide is: </p><pre>https://dhin.org/2025Connectathon/ImplementationGuide/2025connectathonMedicalDevices</pre><div><p>Implementation Guide for testing Medical Devices</p>
</div></div>
  </text>
  <url value="https://dhin.org/2025Connectathon/ImplementationGuide/2025connectathonMedicalDevices"/>
  <version value="0.1.0"/>
  <name value="DHINandSON2025connectathonMedicalDevices"/>
  <title value="DHIN &amp; SON 2025 connectathon Medical Devices testing"/>
  <status value="draft"/>
  <date value="2025-08-02T11:55:50+01:00"/>
  <publisher value="https://www.dhin-hie.org"/>
  <contact>
    <name value="https://www.dhin-hie.org"/>
    <telecom>
      <system value="url"/>
      <value value="https://www.dhin-hie.org/IGs"/>
    </telecom>
    <telecom>
      <system value="email"/>
      <value value="info@dhin-hie.org"/>
    </telecom>
  </contact>
  <contact>
    <name value="Digital Health Interoperability Network (DHIN)."/>
    <telecom>
      <system value="email"/>
      <value value="info@dhin-hie.org"/>
      <use value="work"/>
    </telecom>
  </contact>
  <description value="Implementation Guide for testing Medical Devices"/>
  <jurisdiction>
    <coding>
      <system value="urn:iso:std:iso:3166"/>
      <code value="NG"/>
      <display value="Nigeria"/>
    </coding>
  </jurisdiction>
  <packageId value="2025connectathonMedicalDevices"/>
  <license value="CC0-1.0"/>
  <fhirVersion value="4.0.1"/>
  <dependsOn id="hl7tx">
    <extension url="http://hl7.org/fhir/tools/StructureDefinition/implementationguide-dependency-comment">
      <valueMarkdown value="Automatically added as a dependency - all IGs depend on HL7 Terminology"/>
    </extension>
    <uri value="http://terminology.hl7.org/ImplementationGuide/hl7.terminology"/>
    <packageId value="hl7.terminology.r4"/>
    <version value="6.5.0"/>
  </dependsOn>
  <dependsOn id="hl7ext">
    <extension url="http://hl7.org/fhir/tools/StructureDefinition/implementationguide-dependency-comment">
      <valueMarkdown value="Automatically added as a dependency - all IGs depend on the HL7 Extension Pack"/>
    </extension>
    <uri value="http://hl7.org/fhir/extensions/ImplementationGuide/hl7.fhir.uv.extensions"/>
    <packageId value="hl7.fhir.uv.extensions.r4"/>
    <version value="5.3.0-ballot"/>
  </dependsOn>
  <definition>
    <extension url="http://hl7.org/fhir/tools/StructureDefinition/ig-parameter">
      <extension url="code">
        <valueString value="copyrightyear"/>
      </extension>
      <extension url="value">
        <valueString value="2025+"/>
      </extension>
    </extension>
    <extension url="http://hl7.org/fhir/tools/StructureDefinition/ig-parameter">
      <extension url="code">
        <valueString value="releaselabel"/>
      </extension>
      <extension url="value">
        <valueString value="testing"/>
      </extension>
    </extension>
    <extension url="http://hl7.org/fhir/tools/StructureDefinition/ig-parameter">
      <extension url="code">
        <valueString value="autoload-resources"/>
      </extension>
      <extension url="value">
        <valueString value="true"/>
      </extension>
    </extension>
    <extension url="http://hl7.org/fhir/tools/StructureDefinition/ig-parameter">
      <extension url="code">
        <valueString value="path-liquid"/>
      </extension>
      <extension url="value">
        <valueString value="template/liquid"/>
      </extension>
    </extension>
    <extension url="http://hl7.org/fhir/tools/StructureDefinition/ig-parameter">
      <extension url="code">
        <valueString value="path-liquid"/>
      </extension>
      <extension url="value">
        <valueString value="input/liquid"/>
      </extension>
    </extension>
    <extension url="http://hl7.org/fhir/tools/StructureDefinition/ig-parameter">
      <extension url="code">
        <valueString value="path-qa"/>
      </extension>
      <extension url="value">
        <valueString value="temp/qa"/>
      </extension>
    </extension>
    <extension url="http://hl7.org/fhir/tools/StructureDefinition/ig-parameter">
      <extension url="code">
        <valueString value="path-temp"/>
      </extension>
      <extension url="value">
        <valueString value="temp/pages"/>
      </extension>
    </extension>
    <extension url="http://hl7.org/fhir/tools/StructureDefinition/ig-parameter">
      <extension url="code">
        <valueString value="path-output"/>
      </extension>
      <extension url="value">
        <valueString value="output"/>
      </extension>
    </extension>
    <extension url="http://hl7.org/fhir/tools/StructureDefinition/ig-parameter">
      <extension url="code">
        <valueString value="path-suppressed-warnings"/>
      </extension>
      <extension url="value">
        <valueString value="input/ignoreWarnings.txt"/>
      </extension>
    </extension>
    <extension url="http://hl7.org/fhir/tools/StructureDefinition/ig-parameter">
      <extension url="code">
        <valueString value="path-history"/>
      </extension>
      <extension url="value">
        <valueString value="https://dhin.org/2025Connectathon/history.html"/>
      </extension>
    </extension>
    <extension url="http://hl7.org/fhir/tools/StructureDefinition/ig-parameter">
      <extension url="code">
        <valueString value="template-html"/>
      </extension>
      <extension url="value">
        <valueString value="template-page.html"/>
      </extension>
    </extension>
    <extension url="http://hl7.org/fhir/tools/StructureDefinition/ig-parameter">
      <extension url="code">
        <valueString value="template-md"/>
      </extension>
      <extension url="value">
        <valueString value="template-page-md.html"/>
      </extension>
    </extension>
    <extension url="http://hl7.org/fhir/tools/StructureDefinition/ig-parameter">
      <extension url="code">
        <valueString value="apply-contact"/>
      </extension>
      <extension url="value">
        <valueString value="true"/>
      </extension>
    </extension>
    <extension url="http://hl7.org/fhir/tools/StructureDefinition/ig-parameter">
      <extension url="code">
        <valueString value="apply-context"/>
      </extension>
      <extension url="value">
        <valueString value="true"/>
      </extension>
    </extension>
    <extension url="http://hl7.org/fhir/tools/StructureDefinition/ig-parameter">
      <extension url="code">
        <valueString value="apply-copyright"/>
      </extension>
      <extension url="value">
        <valueString value="true"/>
      </extension>
    </extension>
    <extension url="http://hl7.org/fhir/tools/StructureDefinition/ig-parameter">
      <extension url="code">
        <valueString value="apply-jurisdiction"/>
      </extension>
      <extension url="value">
        <valueString value="true"/>
      </extension>
    </extension>
    <extension url="http://hl7.org/fhir/tools/StructureDefinition/ig-parameter">
      <extension url="code">
        <valueString value="apply-license"/>
      </extension>
      <extension url="value">
        <valueString value="true"/>
      </extension>
    </extension>
    <extension url="http://hl7.org/fhir/tools/StructureDefinition/ig-parameter">
      <extension url="code">
        <valueString value="apply-publisher"/>
      </extension>
      <extension url="value">
        <valueString value="true"/>
      </extension>
    </extension>
    <extension url="http://hl7.org/fhir/tools/StructureDefinition/ig-parameter">
      <extension url="code">
        <valueString value="apply-version"/>
      </extension>
      <extension url="value">
        <valueString value="true"/>
      </extension>
    </extension>
    <extension url="http://hl7.org/fhir/tools/StructureDefinition/ig-parameter">
      <extension url="code">
        <valueString value="apply-wg"/>
      </extension>
      <extension url="value">
        <valueString value="true"/>
      </extension>
    </extension>
    <extension url="http://hl7.org/fhir/tools/StructureDefinition/ig-parameter">
      <extension url="code">
        <valueString value="active-tables"/>
      </extension>
      <extension url="value">
        <valueString value="true"/>
      </extension>
    </extension>
    <extension url="http://hl7.org/fhir/tools/StructureDefinition/ig-parameter">
      <extension url="code">
        <valueString value="fmm-definition"/>
      </extension>
      <extension url="value">
        <valueString value="http://hl7.org/fhir/versions.html#maturity"/>
      </extension>
    </extension>
    <extension url="http://hl7.org/fhir/tools/StructureDefinition/ig-parameter">
      <extension url="code">
        <valueString value="propagate-status"/>
      </extension>
      <extension url="value">
        <valueString value="true"/>
      </extension>
    </extension>
    <extension url="http://hl7.org/fhir/tools/StructureDefinition/ig-parameter">
      <extension url="code">
        <valueString value="excludelogbinaryformat"/>
      </extension>
      <extension url="value">
        <valueString value="true"/>
      </extension>
    </extension>
    <extension url="http://hl7.org/fhir/tools/StructureDefinition/ig-parameter">
      <extension url="code">
        <valueString value="tabbed-snapshots"/>
      </extension>
      <extension url="value">
        <valueString value="true"/>
      </extension>
    </extension>
    <extension url="http://hl7.org/fhir/tools/StructureDefinition/ig-internal-dependency">
      <valueCode value="hl7.fhir.uv.tools.r4#0.7.1"/>
    </extension>
    <extension url="http://hl7.org/fhir/tools/StructureDefinition/ig-parameter">
      <extension url="code">
        <valueCode value="copyrightyear"/>
      </extension>
      <extension url="value">
        <valueString value="2025+"/>
      </extension>
    </extension>
    <extension url="http://hl7.org/fhir/tools/StructureDefinition/ig-parameter">
      <extension url="code">
        <valueCode value="releaselabel"/>
      </extension>
      <extension url="value">
        <valueString value="testing"/>
      </extension>
    </extension>
    <extension url="http://hl7.org/fhir/tools/StructureDefinition/ig-parameter">
      <extension url="code">
        <valueCode value="autoload-resources"/>
      </extension>
      <extension url="value">
        <valueString value="true"/>
      </extension>
    </extension>
    <extension url="http://hl7.org/fhir/tools/StructureDefinition/ig-parameter">
      <extension url="code">
        <valueCode value="path-liquid"/>
      </extension>
      <extension url="value">
        <valueString value="template/liquid"/>
      </extension>
    </extension>
    <extension url="http://hl7.org/fhir/tools/StructureDefinition/ig-parameter">
      <extension url="code">
        <valueCode value="path-liquid"/>
      </extension>
      <extension url="value">
        <valueString value="input/liquid"/>
      </extension>
    </extension>
    <extension url="http://hl7.org/fhir/tools/StructureDefinition/ig-parameter">
      <extension url="code">
        <valueCode value="path-qa"/>
      </extension>
      <extension url="value">
        <valueString value="temp/qa"/>
      </extension>
    </extension>
    <extension url="http://hl7.org/fhir/tools/StructureDefinition/ig-parameter">
      <extension url="code">
        <valueCode value="path-temp"/>
      </extension>
      <extension url="value">
        <valueString value="temp/pages"/>
      </extension>
    </extension>
    <extension url="http://hl7.org/fhir/tools/StructureDefinition/ig-parameter">
      <extension url="code">
        <valueCode value="path-output"/>
      </extension>
      <extension url="value">
        <valueString value="output"/>
      </extension>
    </extension>
    <extension url="http://hl7.org/fhir/tools/StructureDefinition/ig-parameter">
      <extension url="code">
        <valueCode value="path-suppressed-warnings"/>
      </extension>
      <extension url="value">
        <valueString value="input/ignoreWarnings.txt"/>
      </extension>
    </extension>
    <extension url="http://hl7.org/fhir/tools/StructureDefinition/ig-parameter">
      <extension url="code">
        <valueCode value="path-history"/>
      </extension>
      <extension url="value">
        <valueString value="https://dhin.org/2025Connectathon/history.html"/>
      </extension>
    </extension>
    <extension url="http://hl7.org/fhir/tools/StructureDefinition/ig-parameter">
      <extension url="code">
        <valueCode value="template-html"/>
      </extension>
      <extension url="value">
        <valueString value="template-page.html"/>
      </extension>
    </extension>
    <extension url="http://hl7.org/fhir/tools/StructureDefinition/ig-parameter">
      <extension url="code">
        <valueCode value="template-md"/>
      </extension>
      <extension url="value">
        <valueString value="template-page-md.html"/>
      </extension>
    </extension>
    <extension url="http://hl7.org/fhir/tools/StructureDefinition/ig-parameter">
      <extension url="code">
        <valueCode value="apply-contact"/>
      </extension>
      <extension url="value">
        <valueString value="true"/>
      </extension>
    </extension>
    <extension url="http://hl7.org/fhir/tools/StructureDefinition/ig-parameter">
      <extension url="code">
        <valueCode value="apply-context"/>
      </extension>
      <extension url="value">
        <valueString value="true"/>
      </extension>
    </extension>
    <extension url="http://hl7.org/fhir/tools/StructureDefinition/ig-parameter">
      <extension url="code">
        <valueCode value="apply-copyright"/>
      </extension>
      <extension url="value">
        <valueString value="true"/>
      </extension>
    </extension>
    <extension url="http://hl7.org/fhir/tools/StructureDefinition/ig-parameter">
      <extension url="code">
        <valueCode value="apply-jurisdiction"/>
      </extension>
      <extension url="value">
        <valueString value="true"/>
      </extension>
    </extension>
    <extension url="http://hl7.org/fhir/tools/StructureDefinition/ig-parameter">
      <extension url="code">
        <valueCode value="apply-license"/>
      </extension>
      <extension url="value">
        <valueString value="true"/>
      </extension>
    </extension>
    <extension url="http://hl7.org/fhir/tools/StructureDefinition/ig-parameter">
      <extension url="code">
        <valueCode value="apply-publisher"/>
      </extension>
      <extension url="value">
        <valueString value="true"/>
      </extension>
    </extension>
    <extension url="http://hl7.org/fhir/tools/StructureDefinition/ig-parameter">
      <extension url="code">
        <valueCode value="apply-version"/>
      </extension>
      <extension url="value">
        <valueString value="true"/>
      </extension>
    </extension>
    <extension url="http://hl7.org/fhir/tools/StructureDefinition/ig-parameter">
      <extension url="code">
        <valueCode value="apply-wg"/>
      </extension>
      <extension url="value">
        <valueString value="true"/>
      </extension>
    </extension>
    <extension url="http://hl7.org/fhir/tools/StructureDefinition/ig-parameter">
      <extension url="code">
        <valueCode value="active-tables"/>
      </extension>
      <extension url="value">
        <valueString value="true"/>
      </extension>
    </extension>
    <extension url="http://hl7.org/fhir/tools/StructureDefinition/ig-parameter">
      <extension url="code">
        <valueCode value="fmm-definition"/>
      </extension>
      <extension url="value">
        <valueString value="http://hl7.org/fhir/versions.html#maturity"/>
      </extension>
    </extension>
    <extension url="http://hl7.org/fhir/tools/StructureDefinition/ig-parameter">
      <extension url="code">
        <valueCode value="propagate-status"/>
      </extension>
      <extension url="value">
        <valueString value="true"/>
      </extension>
    </extension>
    <extension url="http://hl7.org/fhir/tools/StructureDefinition/ig-parameter">
      <extension url="code">
        <valueCode value="excludelogbinaryformat"/>
      </extension>
      <extension url="value">
        <valueString value="true"/>
      </extension>
    </extension>
    <extension url="http://hl7.org/fhir/tools/StructureDefinition/ig-parameter">
      <extension url="code">
        <valueCode value="tabbed-snapshots"/>
      </extension>
      <extension url="value">
        <valueString value="true"/>
      </extension>
    </extension>
    <resource>
      <extension url="http://hl7.org/fhir/tools/StructureDefinition/resource-information">
        <valueString value="StructureDefinition:resource"/>
      </extension>
      <reference>
        <reference value="StructureDefinition/ng-bundle-device-audit"/>
      </reference>
      <name value="1-NG-Bundle: Device Audit"/>
      <description value="Bundle profile capturing audit events related to device usage and operations."/>
      <exampleBoolean value="false"/>
    </resource>
    <resource>
      <extension url="http://hl7.org/fhir/tools/StructureDefinition/resource-information">
        <valueString value="StructureDefinition:resource"/>
      </extension>
      <reference>
        <reference value="StructureDefinition/ng-bundle-device-monitoring-session"/>
      </reference>
      <name value="2-NG-Bundle: Device Monitoring Session"/>
      <description value="A Bundle capturing device-generated data during a patient monitoring session."/>
      <exampleBoolean value="false"/>
    </resource>
    <resource>
      <extension url="http://hl7.org/fhir/tools/StructureDefinition/resource-information">
        <valueString value="StructureDefinition:resource"/>
      </extension>
      <reference>
        <reference value="StructureDefinition/ng-bundle-device-observation"/>
      </reference>
      <name value="3-NG-Bundle: Device Observation"/>
      <description value="A bundle to capture observations generated by a device including device and device metric context."/>
      <exampleBoolean value="false"/>
    </resource>
    <resource>
      <extension url="http://hl7.org/fhir/tools/StructureDefinition/resource-information">
        <valueString value="StructureDefinition:resource"/>
      </extension>
      <reference>
        <reference value="StructureDefinition/ng-bundle-device-provenance"/>
      </reference>
      <name value="4-NG-Bundle: Device Provenance"/>
      <description value="A Bundle capturing provenance data for device data submission or synchronization."/>
      <exampleBoolean value="false"/>
    </resource>
    <resource>
      <extension url="http://hl7.org/fhir/tools/StructureDefinition/resource-information">
        <valueString value="StructureDefinition:resource"/>
      </extension>
      <reference>
        <reference value="StructureDefinition/ng-bundle-device-registration"/>
      </reference>
      <name value="5-NG-Bundle: Device Registration"/>
      <description value="Bundle for registering a new medical device with associated metadata and manufacturer organization."/>
      <exampleBoolean value="false"/>
    </resource>
    <resource>
      <extension url="http://hl7.org/fhir/tools/StructureDefinition/resource-information">
        <valueString value="StructureDefinition:resource"/>
      </extension>
      <reference>
        <reference value="StructureDefinition/ng-bundle-device-task-execution"/>
      </reference>
      <name value="6-NG-Bundle: Device Task Execution"/>
      <description value="A bundle for coordinating the execution of a task on a device including requester, execution info, and the device involved."/>
      <exampleBoolean value="false"/>
    </resource>
    <resource>
      <extension url="http://hl7.org/fhir/tools/StructureDefinition/resource-information">
        <valueString value="Device"/>
      </extension>
      <reference>
        <reference value="Device/device-001"/>
      </reference>
      <name value="device-001"/>
      <exampleBoolean value="true"/>
    </resource>
    <resource>
      <extension url="http://hl7.org/fhir/tools/StructureDefinition/resource-information">
        <valueString value="Device"/>
      </extension>
      <reference>
        <reference value="Device/device-003"/>
      </reference>
      <name value="device-003"/>
      <exampleBoolean value="true"/>
    </resource>
    <resource>
      <extension url="http://hl7.org/fhir/tools/StructureDefinition/resource-information">
        <valueString value="Device"/>
      </extension>
      <reference>
        <reference value="Device/device-006"/>
      </reference>
      <name value="device-006"/>
      <exampleCanonical value="https://dhin.org/2025Connectathon/StructureDefinition/ng-device"/>
    </resource>
    <resource>
      <extension url="http://hl7.org/fhir/tools/StructureDefinition/resource-information">
        <valueString value="Device"/>
      </extension>
      <reference>
        <reference value="Device/device-007"/>
      </reference>
      <name value="device-007"/>
      <exampleBoolean value="true"/>
    </resource>
    <resource>
      <extension url="http://hl7.org/fhir/tools/StructureDefinition/resource-information">
        <valueString value="Device"/>
      </extension>
      <reference>
        <reference value="Device/device-008"/>
      </reference>
      <name value="device-008"/>
      <exampleBoolean value="true"/>
    </resource>
    <resource>
      <extension url="http://hl7.org/fhir/tools/StructureDefinition/resource-information">
        <valueString value="DeviceDefinition"/>
      </extension>
      <reference>
        <reference value="DeviceDefinition/device-def-006"/>
      </reference>
      <name value="device-def-006"/>
      <exampleCanonical value="https://dhin.org/2025Connectathon/StructureDefinition/ng-device-definition"/>
    </resource>
    <resource>
      <extension url="http://hl7.org/fhir/tools/StructureDefinition/resource-information">
        <valueString value="DeviceMetric"/>
      </extension>
      <reference>
        <reference value="DeviceMetric/deviceMetric-008"/>
      </reference>
      <name value="deviceMetric-008"/>
      <exampleBoolean value="true"/>
    </resource>
    <resource>
      <extension url="http://hl7.org/fhir/tools/StructureDefinition/resource-information">
        <valueString value="DiagnosticReport"/>
      </extension>
      <reference>
        <reference value="DiagnosticReport/diagnostic-report-008"/>
      </reference>
      <name value="diagnostic-report-008"/>
      <exampleBoolean value="true"/>
    </resource>
    <resource>
      <extension url="http://hl7.org/fhir/tools/StructureDefinition/resource-information">
        <valueString value="Encounter"/>
      </extension>
      <reference>
        <reference value="Encounter/encounter-008"/>
      </reference>
      <name value="encounter-008"/>
      <exampleBoolean value="true"/>
    </resource>
    <resource>
      <extension url="http://hl7.org/fhir/tools/StructureDefinition/resource-information">
        <valueString value="Medication"/>
      </extension>
      <reference>
        <reference value="Medication/medication-004"/>
      </reference>
      <name value="Example: Amoxicillin 250mg Capsule"/>
      <description value="An example medication definition for Amoxicillin."/>
      <exampleCanonical value="https://dhin.org/2025Connectathon/StructureDefinition/ng-medication"/>
    </resource>
    <resource>
      <extension url="http://hl7.org/fhir/tools/StructureDefinition/resource-information">
        <valueString value="AuditEvent"/>
      </extension>
      <reference>
        <reference value="AuditEvent/audit-003"/>
      </reference>
      <name value="Example: AuditEvent for Prescription Access"/>
      <description value="An example AuditEvent recording a practitioner viewing a prescription."/>
      <exampleCanonical value="https://dhin.org/2025Connectathon/StructureDefinition/ng-audit-event"/>
    </resource>
    <resource>
      <extension url="http://hl7.org/fhir/tools/StructureDefinition/resource-information">
        <valueString value="DeviceDefinition"/>
      </extension>
      <reference>
        <reference value="DeviceDefinition/chemistry-analyzer-definition"/>
      </reference>
      <name value="Example: Chemistry Analyzer Definition"/>
      <description value="Example DeviceDefinition for a standard clinical chemistry analyzer used in diagnostics."/>
      <exampleCanonical value="https://dhin.org/2025Connectathon/StructureDefinition/ng-device-definition"/>
    </resource>
    <resource>
      <extension url="http://hl7.org/fhir/tools/StructureDefinition/resource-information">
        <valueString value="Device"/>
      </extension>
      <reference>
        <reference value="Device/chemistry-analyzer-device"/>
      </reference>
      <name value="Example: Chemistry Analyzer Device"/>
      <description value="Example of a medical device - Chemistry Analyzer used in laboratory diagnostics."/>
      <exampleCanonical value="https://dhin.org/2025Connectathon/StructureDefinition/ng-device"/>
    </resource>
    <resource>
      <extension url="http://hl7.org/fhir/tools/StructureDefinition/resource-information">
        <valueString value="Coverage"/>
      </extension>
      <reference>
        <reference value="Coverage/coverage-004"/>
      </reference>
      <name value="Example: Claim Coverage"/>
      <description value="An example of a patient's insurance coverage details."/>
      <exampleCanonical value="https://dhin.org/2025Connectathon/StructureDefinition/ng-claim-coverage"/>
    </resource>
    <resource>
      <extension url="http://hl7.org/fhir/tools/StructureDefinition/resource-information">
        <valueString value="Communication"/>
      </extension>
      <reference>
        <reference value="Communication/example-communication"/>
      </reference>
      <name value="Example: Communication from Pharmacy to Prescriber"/>
      <description value="An example communication sent from a pharmacist to a doctor requesting clarification on a prescription."/>
      <exampleCanonical value="https://dhin.org/2025Connectathon/StructureDefinition/ng-communication"/>
    </resource>
    <resource>
      <extension url="http://hl7.org/fhir/tools/StructureDefinition/resource-information">
        <valueString value="CoverageEligibilityRequest"/>
      </extension>
      <reference>
        <reference value="CoverageEligibilityRequest/eligibility-request-004"/>
      </reference>
      <name value="Example: Coverage Eligibility Request"/>
      <description value="An example of a patient's request to check insurance service eligibility."/>
      <exampleCanonical value="https://dhin.org/2025Connectathon/StructureDefinition/ng-eligibility-request"/>
    </resource>
    <resource>
      <extension url="http://hl7.org/fhir/tools/StructureDefinition/resource-information">
        <valueString value="Bundle"/>
      </extension>
      <reference>
        <reference value="Bundle/DeviceAuditExample"/>
      </reference>
      <name value="Example: Device Audit Bundle"/>
      <description value="An example bundle for auditing device events."/>
      <exampleCanonical value="https://dhin.org/2025Connectathon/StructureDefinition/ng-bundle-device-audit"/>
    </resource>
    <resource>
      <extension url="http://hl7.org/fhir/tools/StructureDefinition/resource-information">
        <valueString value="Bundle"/>
      </extension>
      <reference>
        <reference value="Bundle/DeviceMonitoringSessionExample"/>
      </reference>
      <name value="Example: Device Monitoring Session"/>
      <description value="An example bundle for a vital signs monitoring session"/>
      <exampleCanonical value="https://dhin.org/2025Connectathon/StructureDefinition/ng-bundle-device-monitoring-session"/>
    </resource>
    <resource>
      <extension url="http://hl7.org/fhir/tools/StructureDefinition/resource-information">
        <valueString value="Bundle"/>
      </extension>
      <reference>
        <reference value="Bundle/DeviceObservationBundleExample"/>
      </reference>
      <name value="Example: Device Observation Bundle"/>
      <description value="An example of a device sending observation data with associated metadata."/>
      <exampleCanonical value="https://dhin.org/2025Connectathon/StructureDefinition/ng-bundle-device-observation"/>
    </resource>
    <resource>
      <extension url="http://hl7.org/fhir/tools/StructureDefinition/resource-information">
        <valueString value="Bundle"/>
      </extension>
      <reference>
        <reference value="Bundle/DeviceProvenanceBundleExample"/>
      </reference>
      <name value="Example: Device Provenance Bundle"/>
      <description value="An example bundle showing provenance for a submitted device record."/>
      <exampleCanonical value="https://dhin.org/2025Connectathon/StructureDefinition/ng-bundle-device-provenance"/>
    </resource>
    <resource>
      <extension url="http://hl7.org/fhir/tools/StructureDefinition/resource-information">
        <valueString value="Bundle"/>
      </extension>
      <reference>
        <reference value="Bundle/DeviceRegistrationBundle001"/>
      </reference>
      <name value="Example: Device Registration Bundle"/>
      <description value="An example bundle used to register a blood chemistry analyzer with regulatory authority."/>
      <exampleCanonical value="https://dhin.org/2025Connectathon/StructureDefinition/ng-bundle-device-registration"/>
    </resource>
    <resource>
      <extension url="http://hl7.org/fhir/tools/StructureDefinition/resource-information">
        <valueString value="Bundle"/>
      </extension>
      <reference>
        <reference value="Bundle/DeviceTaskExecutionBundle"/>
      </reference>
      <name value="Example: Device Task Execution Bundle"/>
      <description value="Example bundle for tracking execution of a calibration task on a device."/>
      <exampleCanonical value="https://dhin.org/2025Connectathon/StructureDefinition/ng-bundle-device-task-execution"/>
    </resource>
    <resource>
      <extension url="http://hl7.org/fhir/tools/StructureDefinition/resource-information">
        <valueString value="Observation"/>
      </extension>
      <reference>
        <reference value="Observation/lab-observation-004"/>
      </reference>
      <name value="Example: Lab Result Observation"/>
      <description value="An example of a laboratory result observation for hemoglobin."/>
      <exampleCanonical value="https://dhin.org/2025Connectathon/StructureDefinition/ng-observation-labresult"/>
    </resource>
    <resource>
      <extension url="http://hl7.org/fhir/tools/StructureDefinition/resource-information">
        <valueString value="MedicationDispense"/>
      </extension>
      <reference>
        <reference value="MedicationDispense/dispense-004"/>
      </reference>
      <name value="Example: Medication Dispense"/>
      <description value="An example of a pharmacist dispensing Amoxicillin 250mg."/>
      <exampleCanonical value="https://dhin.org/2025Connectathon/StructureDefinition/ng-medication-dispense"/>
    </resource>
    <resource>
      <extension url="http://hl7.org/fhir/tools/StructureDefinition/resource-information">
        <valueString value="MedicationRequest"/>
      </extension>
      <reference>
        <reference value="MedicationRequest/medicationrequest-004"/>
      </reference>
      <name value="Example: MedicationRequest"/>
      <description value="An example of an electronic prescription for Amoxicillin."/>
      <exampleCanonical value="https://dhin.org/2025Connectathon/StructureDefinition/ng-medication-request"/>
    </resource>
    <resource>
      <extension url="http://hl7.org/fhir/tools/StructureDefinition/resource-information">
        <valueString value="DeviceMetric"/>
      </extension>
      <reference>
        <reference value="DeviceMetric/devicemetric-004"/>
      </reference>
      <name value="Example: NG DeviceMetric"/>
      <description value="An example metric from a chemistry analyzer measuring glucose level."/>
      <exampleCanonical value="https://dhin.org/2025Connectathon/StructureDefinition/ng-device-metric"/>
    </resource>
    <resource>
      <extension url="http://hl7.org/fhir/tools/StructureDefinition/resource-information">
        <valueString value="DiagnosticReport"/>
      </extension>
      <reference>
        <reference value="DiagnosticReport/ExampleNgDiagnosticReport"/>
      </reference>
      <name value="Example: NG Diagnostic Report"/>
      <description value="An example diagnostic report for a blood chemistry test"/>
      <exampleCanonical value="https://dhin.org/2025Connectathon/StructureDefinition/ng-diagnostic-report"/>
    </resource>
    <resource>
      <extension url="http://hl7.org/fhir/tools/StructureDefinition/resource-information">
        <valueString value="Organization"/>
      </extension>
      <reference>
        <reference value="Organization/organization-004"/>
      </reference>
      <name value="Example: NG Organization"/>
      <description value="An example of a healthcare facility organization."/>
      <exampleCanonical value="https://dhin.org/2025Connectathon/StructureDefinition/ng-imm-organization"/>
    </resource>
    <resource>
      <extension url="http://hl7.org/fhir/tools/StructureDefinition/resource-information">
        <valueString value="Patient"/>
      </extension>
      <reference>
        <reference value="Patient/patient-004"/>
      </reference>
      <name value="Example: NG Patient"/>
      <description value="An example instance of a Nigerian patient profile"/>
      <exampleCanonical value="https://dhin.org/2025Connectathon/StructureDefinition/NgPatient"/>
    </resource>
    <resource>
      <extension url="http://hl7.org/fhir/tools/StructureDefinition/resource-information">
        <valueString value="Practitioner"/>
      </extension>
      <reference>
        <reference value="Practitioner/practitioner-004"/>
      </reference>
      <name value="Example: NG Practitioner"/>
      <description value="An example of a Nigerian healthcare practitioner."/>
      <exampleCanonical value="https://dhin.org/2025Connectathon/StructureDefinition/NgPractitioner"/>
    </resource>
    <resource>
      <extension url="http://hl7.org/fhir/tools/StructureDefinition/resource-information">
        <valueString value="PractitionerRole"/>
      </extension>
      <reference>
        <reference value="PractitionerRole/practitioner-role-004"/>
      </reference>
      <name value="Example: NG PractitionerRole"/>
      <description value="An example defining the role of a practitioner within a Nigerian healthcare organization."/>
      <exampleCanonical value="https://dhin.org/2025Connectathon/StructureDefinition/ng-practitionerrole"/>
    </resource>
    <resource>
      <extension url="http://hl7.org/fhir/tools/StructureDefinition/resource-information">
        <valueString value="Location"/>
      </extension>
      <reference>
        <reference value="Location/example-location"/>
      </reference>
      <name value="Example: Pharmacy Location"/>
      <description value="An example location representing a pharmacy branch."/>
      <exampleCanonical value="https://dhin.org/2025Connectathon/StructureDefinition/ng-location"/>
    </resource>
    <resource>
      <extension url="http://hl7.org/fhir/tools/StructureDefinition/resource-information">
        <valueString value="Encounter"/>
      </extension>
      <reference>
        <reference value="Encounter/encounter-004"/>
      </reference>
      <name value="Example: Prescription Encounter"/>
      <description value="An example encounter related to an ePrescription event."/>
      <exampleCanonical value="https://dhin.org/2025Connectathon/StructureDefinition/ng-prescription-encounter"/>
    </resource>
    <resource>
      <extension url="http://hl7.org/fhir/tools/StructureDefinition/resource-information">
        <valueString value="Provenance"/>
      </extension>
      <reference>
        <reference value="Provenance/provenance-004"/>
      </reference>
      <name value="Example: Provenance of ePrescription"/>
      <description value="An example of provenance capturing the author and timestamp of a prescription."/>
      <exampleCanonical value="https://dhin.org/2025Connectathon/StructureDefinition/ng-provenance"/>
    </resource>
    <resource>
      <extension url="http://hl7.org/fhir/tools/StructureDefinition/resource-information">
        <valueString value="DocumentReference"/>
      </extension>
      <reference>
        <reference value="DocumentReference/example-document-reference"/>
      </reference>
      <name value="Example: Scanned Discharge Summary"/>
      <description value="An example of a scanned discharge summary document reference."/>
      <exampleCanonical value="https://dhin.org/2025Connectathon/StructureDefinition/ng-document-reference"/>
    </resource>
    <resource>
      <extension url="http://hl7.org/fhir/tools/StructureDefinition/resource-information">
        <valueString value="Task"/>
      </extension>
      <reference>
        <reference value="Task/example-claim-task"/>
      </reference>
      <name value="Example: Task for Dispensing Prescription"/>
      <description value="A task representing the assignment to dispense a prescription in an ePrescription workflow."/>
      <exampleCanonical value="https://dhin.org/2025Connectathon/StructureDefinition/ng-claim-task"/>
    </resource>
    <resource>
      <extension url="http://hl7.org/fhir/tools/StructureDefinition/resource-information">
        <valueString value="DeviceMetric"/>
      </extension>
      <reference>
        <reference value="DeviceMetric/metric-003"/>
      </reference>
      <name value="metric-003"/>
      <exampleBoolean value="true"/>
    </resource>
    <resource>
      <extension url="http://hl7.org/fhir/tools/StructureDefinition/resource-information">
        <valueString value="StructureDefinition:resource"/>
      </extension>
      <reference>
        <reference value="StructureDefinition/ng-audit-event"/>
      </reference>
      <name value="NG AuditEvent"/>
      <description value="A profile for logging access and interactions with health data in Nigeria, such as prescriptions or patient records."/>
      <exampleBoolean value="false"/>
    </resource>
    <resource>
      <extension url="http://hl7.org/fhir/tools/StructureDefinition/resource-information">
        <valueString value="StructureDefinition:resource"/>
      </extension>
      <reference>
        <reference value="StructureDefinition/ng-communication"/>
      </reference>
      <name value="NG Communication"/>
      <description value="A profile for recording formal communication exchanges such as notifications, clarifications, or feedback in health service delivery."/>
      <exampleBoolean value="false"/>
    </resource>
    <resource>
      <extension url="http://hl7.org/fhir/tools/StructureDefinition/resource-information">
        <valueString value="StructureDefinition:resource"/>
      </extension>
      <reference>
        <reference value="StructureDefinition/ng-device"/>
      </reference>
      <name value="NG Device"/>
      <description value="A profile for medical devices such as chemistry analyzers used in diagnostics."/>
      <exampleBoolean value="false"/>
    </resource>
    <resource>
      <extension url="http://hl7.org/fhir/tools/StructureDefinition/resource-information">
        <valueString value="StructureDefinition:resource"/>
      </extension>
      <reference>
        <reference value="StructureDefinition/ng-device-definition"/>
      </reference>
      <name value="NG DeviceDefinition"/>
      <description value="Profile for defining medical devices such as analyzers, monitors, and diagnostic tools used in Nigerian health facilities."/>
      <exampleBoolean value="false"/>
    </resource>
    <resource>
      <extension url="http://hl7.org/fhir/tools/StructureDefinition/resource-information">
        <valueString value="StructureDefinition:resource"/>
      </extension>
      <reference>
        <reference value="StructureDefinition/ng-device-metric"/>
      </reference>
      <name value="NG DeviceMetric"/>
      <description value="A profile representing a measurement channel or metric produced by a medical device."/>
      <exampleBoolean value="false"/>
    </resource>
    <resource>
      <extension url="http://hl7.org/fhir/tools/StructureDefinition/resource-information">
        <valueString value="StructureDefinition:resource"/>
      </extension>
      <reference>
        <reference value="StructureDefinition/ng-diagnostic-report"/>
      </reference>
      <name value="NG DiagnosticReport"/>
      <description value="A profile representing diagnostic report results in the Nigerian health system."/>
      <exampleBoolean value="false"/>
    </resource>
    <resource>
      <extension url="http://hl7.org/fhir/tools/StructureDefinition/resource-information">
        <valueString value="StructureDefinition:resource"/>
      </extension>
      <reference>
        <reference value="StructureDefinition/ng-document-reference"/>
      </reference>
      <name value="NG DocumentReference"/>
      <description value="A profile for referencing external or internal documents such as lab reports, discharge summaries, prescriptions, or scanned forms."/>
      <exampleBoolean value="false"/>
    </resource>
    <resource>
      <extension url="http://hl7.org/fhir/tools/StructureDefinition/resource-information">
        <valueString value="StructureDefinition:resource"/>
      </extension>
      <reference>
        <reference value="StructureDefinition/ng-prescription-encounter"/>
      </reference>
      <name value="NG Encounter"/>
      <description value="A profile representing patient encounters related to ePrescription."/>
      <exampleBoolean value="false"/>
    </resource>
    <resource>
      <extension url="http://hl7.org/fhir/tools/StructureDefinition/resource-information">
        <valueString value="StructureDefinition:resource"/>
      </extension>
      <reference>
        <reference value="StructureDefinition/ng-location"/>
      </reference>
      <name value="NG Location"/>
      <description value="A profile representing facility locations such as pharmacies, wards, or service points in Nigeria."/>
      <exampleBoolean value="false"/>
    </resource>
    <resource>
      <extension url="http://hl7.org/fhir/tools/StructureDefinition/resource-information">
        <valueString value="StructureDefinition:resource"/>
      </extension>
      <reference>
        <reference value="StructureDefinition/ng-medication"/>
      </reference>
      <name value="NG Medication"/>
      <description value="A profile for medications prescribed and dispensed in Nigeria."/>
      <exampleBoolean value="false"/>
    </resource>
    <resource>
      <extension url="http://hl7.org/fhir/tools/StructureDefinition/resource-information">
        <valueString value="StructureDefinition:resource"/>
      </extension>
      <reference>
        <reference value="StructureDefinition/ng-medication-dispense"/>
      </reference>
      <name value="NG MedicationDispense"/>
      <description value="A profile for recording dispensation of prescribed medications by a pharmacy in Nigeria."/>
      <exampleBoolean value="false"/>
    </resource>
    <resource>
      <extension url="http://hl7.org/fhir/tools/StructureDefinition/resource-information">
        <valueString value="StructureDefinition:resource"/>
      </extension>
      <reference>
        <reference value="StructureDefinition/ng-medication-request"/>
      </reference>
      <name value="NG MedicationRequest"/>
      <description value="A profile for electronic prescriptions issued by Nigerian healthcare providers."/>
      <exampleBoolean value="false"/>
    </resource>
    <resource>
      <extension url="http://hl7.org/fhir/tools/StructureDefinition/resource-information">
        <valueString value="StructureDefinition:resource"/>
      </extension>
      <reference>
        <reference value="StructureDefinition/ng-observation-labresult"/>
      </reference>
      <name value="NG Observation - Laboratory Result"/>
      <description value="A profile for representing laboratory result observations."/>
      <exampleBoolean value="false"/>
    </resource>
    <resource>
      <extension url="http://hl7.org/fhir/tools/StructureDefinition/resource-information">
        <valueString value="StructureDefinition:resource"/>
      </extension>
      <reference>
        <reference value="StructureDefinition/ng-imm-organization"/>
      </reference>
      <name value="NG Organization"/>
      <description value="An organization profile representing healthcare facilities responsible for health services or other types of organizations."/>
      <exampleBoolean value="false"/>
    </resource>
    <resource>
      <extension url="http://hl7.org/fhir/tools/StructureDefinition/resource-information">
        <valueString value="StructureDefinition:resource"/>
      </extension>
      <reference>
        <reference value="StructureDefinition/NgPatient"/>
      </reference>
      <name value="NG Patient"/>
      <description value="Nigeria Patient Profile"/>
      <exampleBoolean value="false"/>
    </resource>
    <resource>
      <extension url="http://hl7.org/fhir/tools/StructureDefinition/resource-information">
        <valueString value="StructureDefinition:resource"/>
      </extension>
      <reference>
        <reference value="StructureDefinition/NgPractitioner"/>
      </reference>
      <name value="NG Practitioner"/>
      <description value="Profile for a Nigerian Practitioner"/>
      <exampleBoolean value="false"/>
    </resource>
    <resource>
      <extension url="http://hl7.org/fhir/tools/StructureDefinition/resource-information">
        <valueString value="StructureDefinition:resource"/>
      </extension>
      <reference>
        <reference value="StructureDefinition/ng-practitionerrole"/>
      </reference>
      <name value="NG PractitionerRole"/>
      <description value="A profile for defining the role of a practitioner within an organization."/>
      <exampleBoolean value="false"/>
    </resource>
    <resource>
      <extension url="http://hl7.org/fhir/tools/StructureDefinition/resource-information">
        <valueString value="StructureDefinition:resource"/>
      </extension>
      <reference>
        <reference value="StructureDefinition/ng-provenance"/>
      </reference>
      <name value="NG Provenance"/>
      <description value="A profile for capturing metadata about creation or modification of health data in Nigeria, especially for audit and signature purposes."/>
      <exampleBoolean value="false"/>
    </resource>
    <resource>
      <extension url="http://hl7.org/fhir/tools/StructureDefinition/resource-information">
        <valueString value="StructureDefinition:resource"/>
      </extension>
      <reference>
        <reference value="StructureDefinition/ng-claim-task"/>
      </reference>
      <name value="NG Task"/>
      <description value="A profile for workflow and task management in ePrescription processing."/>
      <exampleBoolean value="false"/>
    </resource>
    <resource>
      <extension url="http://hl7.org/fhir/tools/StructureDefinition/resource-information">
        <valueString value="StructureDefinition:resource"/>
      </extension>
      <reference>
        <reference value="StructureDefinition/ng-claim-coverage"/>
      </reference>
      <name value="NG-Claim Coverage"/>
      <description value="A profile capturing a patient's insurance coverage details."/>
      <exampleBoolean value="false"/>
    </resource>
    <resource>
      <extension url="http://hl7.org/fhir/tools/StructureDefinition/resource-information">
        <valueString value="StructureDefinition:resource"/>
      </extension>
      <reference>
        <reference value="StructureDefinition/ng-eligibility-request"/>
      </reference>
      <name value="NG-CoverageEligibilityRequest"/>
      <description value="A profile for checking patient's eligibility for insurance services."/>
      <exampleBoolean value="false"/>
    </resource>
    <resource>
      <extension url="http://hl7.org/fhir/tools/StructureDefinition/resource-information">
        <valueString value="CodeSystem"/>
      </extension>
      <reference>
        <reference value="CodeSystem/nigeria-wards"/>
      </reference>
      <name value="NG-Imm Administrative Wards CS"/>
      <description value="This CodeSystem defines ward codes and names mapped to their respective Local Government Areas (LGAs) in Nigeria."/>
      <exampleBoolean value="false"/>
    </resource>
    <resource>
      <extension url="http://hl7.org/fhir/tools/StructureDefinition/resource-information">
        <valueString value="CodeSystem"/>
      </extension>
      <reference>
        <reference value="CodeSystem/nigeria-facility-type"/>
      </reference>
      <name value="NG-Imm Facility Type CS"/>
      <description value="A standardized classification system used to describe the type or level of health facility within a healthcare delivery system, based on the scope of services provided, staffing, infrastructure, and administrative role."/>
      <exampleBoolean value="false"/>
    </resource>
    <resource>
      <extension url="http://hl7.org/fhir/tools/StructureDefinition/resource-information">
        <valueString value="CodeSystem"/>
      </extension>
      <reference>
        <reference value="CodeSystem/nigeria-gender"/>
      </reference>
      <name value="NG-Imm Gender CS"/>
      <description value="The administrative gender of a person."/>
      <exampleBoolean value="false"/>
    </resource>
    <resource>
      <extension url="http://hl7.org/fhir/tools/StructureDefinition/resource-information">
        <valueString value="ValueSet"/>
      </extension>
      <reference>
        <reference value="ValueSet/nigeria-gender"/>
      </reference>
      <name value="NG-Imm Gender or Sex VS"/>
      <description value="Subset of HL7 administrative-gender limited to 'male' and 'female'."/>
      <exampleBoolean value="false"/>
    </resource>
    <resource>
      <extension url="http://hl7.org/fhir/tools/StructureDefinition/resource-information">
        <valueString value="ValueSet"/>
      </extension>
      <reference>
        <reference value="ValueSet/nigeria-facility-types"/>
      </reference>
      <name value="NG-Imm HealthFacility Type VS"/>
      <description value="Classification of Nigerian health facilities"/>
      <exampleBoolean value="false"/>
    </resource>
    <resource>
      <extension url="http://hl7.org/fhir/tools/StructureDefinition/resource-information">
        <valueString value="ValueSet"/>
      </extension>
      <reference>
        <reference value="ValueSet/nigeria-languages"/>
      </reference>
      <name value="NG-Imm Languages VS"/>
      <description value="The Patient's preferred language for communication."/>
      <exampleBoolean value="false"/>
    </resource>
    <resource>
      <extension url="http://hl7.org/fhir/tools/StructureDefinition/resource-information">
        <valueString value="CodeSystem"/>
      </extension>
      <reference>
        <reference value="CodeSystem/nigeria-lgas"/>
      </reference>
      <name value="NG-Imm LGAs in Nigeria CS"/>
      <description value="This CodeSystem defines LGA codes and names mapped to their respective States in Nigeria."/>
      <exampleBoolean value="false"/>
    </resource>
    <resource>
      <extension url="http://hl7.org/fhir/tools/StructureDefinition/resource-information">
        <valueString value="ValueSet"/>
      </extension>
      <reference>
        <reference value="ValueSet/nigeria-lgas"/>
      </reference>
      <name value="NG-Imm LGAs VS"/>
      <description value="The administrative Local Government Areas where a person or a facility is."/>
      <exampleBoolean value="false"/>
    </resource>
    <resource>
      <extension url="http://hl7.org/fhir/tools/StructureDefinition/resource-information">
        <valueString value="ValueSet"/>
      </extension>
      <reference>
        <reference value="ValueSet/nigeria-location-owner"/>
      </reference>
      <name value="NG-Imm Location Owner"/>
      <description value="The owner of an Immunization location"/>
      <exampleBoolean value="false"/>
    </resource>
    <resource>
      <extension url="http://hl7.org/fhir/tools/StructureDefinition/resource-information">
        <valueString value="CodeSystem"/>
      </extension>
      <reference>
        <reference value="CodeSystem/nigeria-location-owner-cs"/>
      </reference>
      <name value="NG-Imm Location Owner CS"/>
      <description value="This CodeSystem defines Immunization Location Owner."/>
      <exampleBoolean value="false"/>
    </resource>
    <resource>
      <extension url="http://hl7.org/fhir/tools/StructureDefinition/resource-information">
        <valueString value="CodeSystem"/>
      </extension>
      <reference>
        <reference value="CodeSystem/nigeria-states"/>
      </reference>
      <name value="NG-Imm States in Nigeria CS"/>
      <description value="This CodeSystem defines ward codes and names mapped to their respective States in Nigeria."/>
      <exampleBoolean value="false"/>
    </resource>
    <resource>
      <extension url="http://hl7.org/fhir/tools/StructureDefinition/resource-information">
        <valueString value="ValueSet"/>
      </extension>
      <reference>
        <reference value="ValueSet/nigeria-states"/>
      </reference>
      <name value="NG-Imm States VS"/>
      <description value="The state where a person or a facility is."/>
      <exampleBoolean value="false"/>
    </resource>
    <resource>
      <extension url="http://hl7.org/fhir/tools/StructureDefinition/resource-information">
        <valueString value="ValueSet"/>
      </extension>
      <reference>
        <reference value="ValueSet/nigeria-wards"/>
      </reference>
      <name value="NG-Imm Wards VS"/>
      <description value="The administrative Ward (within an LGA) where a person or a facility is."/>
      <exampleBoolean value="false"/>
    </resource>
    <resource>
      <extension url="http://hl7.org/fhir/tools/StructureDefinition/resource-information">
        <valueString value="CodeSystem"/>
      </extension>
      <reference>
        <reference value="CodeSystem/nigeria-languages"/>
      </reference>
      <name value="NG‑Imm Languages in Nigeria CS"/>
      <description value="This CodeSystem defines codes for major languages spoken across Nigeria."/>
      <exampleBoolean value="false"/>
    </resource>
    <resource>
      <extension url="http://hl7.org/fhir/tools/StructureDefinition/resource-information">
        <valueString value="Observation"/>
      </extension>
      <reference>
        <reference value="Observation/observation-003"/>
      </reference>
      <name value="observation-003"/>
      <exampleBoolean value="true"/>
    </resource>
    <resource>
      <extension url="http://hl7.org/fhir/tools/StructureDefinition/resource-information">
        <valueString value="Observation"/>
      </extension>
      <reference>
        <reference value="Observation/observation-hr"/>
      </reference>
      <name value="observation-hr"/>
      <exampleBoolean value="true"/>
    </resource>
    <resource>
      <extension url="http://hl7.org/fhir/tools/StructureDefinition/resource-information">
        <valueString value="Organization"/>
      </extension>
      <reference>
        <reference value="Organization/org-005"/>
      </reference>
      <name value="org-005"/>
      <exampleBoolean value="true"/>
    </resource>
    <resource>
      <extension url="http://hl7.org/fhir/tools/StructureDefinition/resource-information">
        <valueString value="Organization"/>
      </extension>
      <reference>
        <reference value="Organization/org-007"/>
      </reference>
      <name value="org-007"/>
      <exampleBoolean value="true"/>
    </resource>
    <resource>
      <extension url="http://hl7.org/fhir/tools/StructureDefinition/resource-information">
        <valueString value="Organization"/>
      </extension>
      <reference>
        <reference value="Organization/org-manufacturer"/>
      </reference>
      <name value="org-manufacturer"/>
      <exampleCanonical value="https://dhin.org/2025Connectathon/StructureDefinition/ng-imm-organization"/>
    </resource>
    <resource>
      <extension url="http://hl7.org/fhir/tools/StructureDefinition/resource-information">
        <valueString value="Patient"/>
      </extension>
      <reference>
        <reference value="Patient/patient-005"/>
      </reference>
      <name value="patient-005"/>
      <exampleBoolean value="true"/>
    </resource>
    <resource>
      <extension url="http://hl7.org/fhir/tools/StructureDefinition/resource-information">
        <valueString value="Patient"/>
      </extension>
      <reference>
        <reference value="Patient/patient-008"/>
      </reference>
      <name value="patient-008"/>
      <exampleBoolean value="true"/>
    </resource>
    <resource>
      <extension url="http://hl7.org/fhir/tools/StructureDefinition/resource-information">
        <valueString value="Practitioner"/>
      </extension>
      <reference>
        <reference value="Practitioner/practitioner-007"/>
      </reference>
      <name value="practitioner-007"/>
      <exampleBoolean value="true"/>
    </resource>
    <resource>
      <extension url="http://hl7.org/fhir/tools/StructureDefinition/resource-information">
        <valueString value="Provenance"/>
      </extension>
      <reference>
        <reference value="Provenance/provenance-005"/>
      </reference>
      <name value="provenance-005"/>
      <exampleBoolean value="true"/>
    </resource>
    <resource>
      <extension url="http://hl7.org/fhir/tools/StructureDefinition/resource-information">
        <valueString value="ServiceRequest"/>
      </extension>
      <reference>
        <reference value="ServiceRequest/service-request-007"/>
      </reference>
      <name value="service-request-007"/>
      <exampleBoolean value="true"/>
    </resource>
    <resource>
      <extension url="http://hl7.org/fhir/tools/StructureDefinition/resource-information">
        <valueString value="Task"/>
      </extension>
      <reference>
        <reference value="Task/task-007"/>
      </reference>
      <name value="task-007"/>
      <exampleBoolean value="true"/>
    </resource>
    <page>
      <extension url="http://hl7.org/fhir/tools/StructureDefinition/ig-page-name">
        <valueUrl value="toc.html"/>
      </extension>
      <nameUrl value="toc.html"/>
      <title value="Table of Contents"/>
      <generation value="html"/>
      <page>
        <extension url="http://hl7.org/fhir/tools/StructureDefinition/ig-page-name">
          <valueUrl value="index.html"/>
        </extension>
        <nameUrl value="index.html"/>
        <title value="Home"/>
        <generation value="markdown"/>
      </page>
      <page>
        <extension url="http://hl7.org/fhir/tools/StructureDefinition/ig-page-name">
          <valueUrl value="search-operation.html"/>
        </extension>
        <nameUrl value="search-operation.html"/>
        <title value="Search and Operation"/>
        <generation value="markdown"/>
      </page>
    </page>
    <parameter>
      <code value="path-resource"/>
      <value value="input/capabilities"/>
    </parameter>
    <parameter>
      <code value="path-resource"/>
      <value value="input/examples"/>
    </parameter>
    <parameter>
      <code value="path-resource"/>
      <value value="input/extensions"/>
    </parameter>
    <parameter>
      <code value="path-resource"/>
      <value value="input/models"/>
    </parameter>
    <parameter>
      <code value="path-resource"/>
      <value value="input/operations"/>
    </parameter>
    <parameter>
      <code value="path-resource"/>
      <value value="input/profiles"/>
    </parameter>
    <parameter>
      <code value="path-resource"/>
      <value value="input/resources"/>
    </parameter>
    <parameter>
      <code value="path-resource"/>
      <value value="input/vocabulary"/>
    </parameter>
    <parameter>
      <code value="path-resource"/>
      <value value="input/maps"/>
    </parameter>
    <parameter>
      <code value="path-resource"/>
      <value value="input/testing"/>
    </parameter>
    <parameter>
      <code value="path-resource"/>
      <value value="input/history"/>
    </parameter>
    <parameter>
      <code value="path-resource"/>
      <value value="fsh-generated/resources"/>
    </parameter>
    <parameter>
      <code value="path-pages"/>
      <value value="template/config"/>
    </parameter>
    <parameter>
      <code value="path-pages"/>
      <value value="input/images"/>
    </parameter>
    <parameter>
      <code value="path-tx-cache"/>
      <value value="input-cache/txcache"/>
    </parameter>
  </definition>
</ImplementationGuide>