<?xml version="1.0" encoding="UTF-8"?>

<Practitioner xmlns="http://hl7.org/fhir">
  <id value="practitioner-004"/>
  <meta>
    <profile value="https://dhin.org/2025Connectathon/StructureDefinition/NgPractitioner"/>
  </meta>
  <text>
    <status value="generated"/><div xmlns="http://www.w3.org/1999/xhtml"><p class="res-header-id"><b>Generated Narrative: Practitioner practitioner-004</b></p><a name="practitioner-004"> </a><a name="hcpractitioner-004"> </a><div style="display: inline-block; background-color: #d9e0e7; padding: 6px; margin: 4px; border: 1px solid #8da1b4; border-radius: 5px; line-height: 60%"><p style="margin-bottom: 0px"/><p style="margin-bottom: 0px">Profile: <a href="StructureDefinition-NgPractitioner.html">NG Practitioner</a></p></div><p><b>identifier</b>: <code>https://mdcn.gov.ng</code>/MDCN-457812</p><p><b>active</b>: true</p><p><b>name</b>: Chinelo Okoye </p><p><b>telecom</b>: ph: 08011223344</p><p><b>birthDate</b>: 1982-03-10</p><h3>Qualifications</h3><table class="grid"><tr><td style="display: none">-</td><td><b>Code</b></td><td><b>Period</b></td><td><b>Issuer</b></td></tr><tr><td style="display: none">*</td><td><span title="Codes:">MEDCERT-2023</span></td><td>2023-01-01 --&gt; 2028-12-31</td><td><a href="Organization/organization-001">Organization/organization-001</a></td></tr></table></div>
  </text>
  <identifier>
    <system value="https://mdcn.gov.ng"/>
    <value value="MDCN-457812"/>
  </identifier>
  <active value="true"/>
  <name>
    <family value="Okoye"/>
    <given value="Chinelo"/>
  </name>
  <telecom>
    <system value="phone"/>
    <value value="08011223344"/>
  </telecom>
  <birthDate value="1982-03-10"/>
  <qualification>
    <code>
      <text value="MEDCERT-2023"/>
    </code>
    <period>
      <start value="2023-01-01"/>
      <end value="2028-12-31"/>
    </period>
    <issuer>
      <reference value="Organization/organization-001"/>
    </issuer>
  </qualification>
</Practitioner>