<?xml version="1.0" encoding="UTF-8"?>

<Practitioner xmlns="http://hl7.org/fhir">
  <id value="practitioner-007"/>
  <text>
    <status value="generated"/><div xmlns="http://www.w3.org/1999/xhtml"><p class="res-header-id"><b>Generated Narrative: Practitioner practitioner-007</b></p><a name="practitioner-007"> </a><a name="hcpractitioner-007"> </a><p><b>identifier</b>: <code>https://mdcn.gov.ng</code>/MDCN001234</p><p><b>name</b>: Ifeoma Okoye </p></div>
  </text>
  <identifier>
    <system value="https://mdcn.gov.ng"/>
    <value value="MDCN001234"/>
  </identifier>
  <name>
    <family value="Okoye"/>
    <given value="Ifeoma"/>
  </name>
</Practitioner>