{"resourceType":"ImplementationGuide","id":"2025connectathonMedicalDevices","text":{"status":"generated","div":"<div xmlns=\"http://www.w3.org/1999/xhtml\"><p class=\"res-header-id\"><b>Generated Narrative: ImplementationGuide 2025connectathonMedicalDevices</b></p><a name=\"2025connectathonMedicalDevices\"> </a><a name=\"hc2025connectathonMedicalDevices\"> </a><h2>DHINandSON2025connectathonMedicalDevices</h2><p>The official URL for this implementation guide is: </p><pre>https://dhin.org/2025Connectathon/ImplementationGuide/2025connectathonMedicalDevices</pre><div><p>Implementation Guide for testing Medical Devices</p>\n</div></div>"},"url":"https://dhin.org/2025Connectathon/ImplementationGuide/2025connectathonMedicalDevices","version":"0.1.0","name":"DHINandSON2025connectathonMedicalDevices","title":"DHIN & SON 2025 connectathon Medical Devices testing","status":"draft","date":"2025-08-02T11:55:50+01:00","publisher":"https://www.dhin-hie.org","contact":[{"name":"https://www.dhin-hie.org","telecom":[{"system":"url","value":"https://www.dhin-hie.org/IGs"},{"system":"email","value":"info@dhin-hie.org"}]},{"name":"Digital Health Interoperability Network (DHIN).","telecom":[{"system":"email","value":"info@dhin-hie.org","use":"work"}]}],"description":"Implementation Guide for testing Medical Devices","jurisdiction":[{"coding":[{"system":"urn:iso:std:iso:3166","code":"NG","display":"Nigeria"}]}],"packageId":"2025connectathonMedicalDevices","license":"CC0-1.0","fhirVersion":["4.0.1"],"dependsOn":[{"id":"hl7tx","extension":[{"url":"http://hl7.org/fhir/tools/StructureDefinition/implementationguide-dependency-comment","valueMarkdown":"Automatically added as a dependency - all IGs depend on HL7 Terminology"}],"uri":"http://terminology.hl7.org/ImplementationGuide/hl7.terminology","packageId":"hl7.terminology.r4","version":"6.5.0"},{"id":"hl7ext","extension":[{"url":"http://hl7.org/fhir/tools/StructureDefinition/implementationguide-dependency-comment","valueMarkdown":"Automatically added as a dependency - all IGs depend on the HL7 Extension Pack"}],"uri":"http://hl7.org/fhir/extensions/ImplementationGuide/hl7.fhir.uv.extensions","packageId":"hl7.fhir.uv.extensions.r4","version":"5.3.0-ballot"}],"definition":{"extension":[{"extension":[{"url":"code","valueString":"copyrightyear"},{"url":"value","valueString":"2025+"}],"url":"http://hl7.org/fhir/tools/StructureDefinition/ig-parameter"},{"extension":[{"url":"code","valueString":"releaselabel"},{"url":"value","valueString":"testing"}],"url":"http://hl7.org/fhir/tools/StructureDefinition/ig-parameter"},{"extension":[{"url":"code","valueString":"autoload-resources"},{"url":"value","valueString":"true"}],"url":"http://hl7.org/fhir/tools/StructureDefinition/ig-parameter"},{"extension":[{"url":"code","valueString":"path-liquid"},{"url":"value","valueString":"template/liquid"}],"url":"http://hl7.org/fhir/tools/StructureDefinition/ig-parameter"},{"extension":[{"url":"code","valueString":"path-liquid"},{"url":"value","valueString":"input/liquid"}],"url":"http://hl7.org/fhir/tools/StructureDefinition/ig-parameter"},{"extension":[{"url":"code","valueString":"path-qa"},{"url":"value","valueString":"temp/qa"}],"url":"http://hl7.org/fhir/tools/StructureDefinition/ig-parameter"},{"extension":[{"url":"code","valueString":"path-temp"},{"url":"value","valueString":"temp/pages"}],"url":"http://hl7.org/fhir/tools/StructureDefinition/ig-parameter"},{"extension":[{"url":"code","valueString":"path-output"},{"url":"value","valueString":"output"}],"url":"http://hl7.org/fhir/tools/StructureDefinition/ig-parameter"},{"extension":[{"url":"code","valueString":"path-suppressed-warnings"},{"url":"value","valueString":"input/ignoreWarnings.txt"}],"url":"http://hl7.org/fhir/tools/StructureDefinition/ig-parameter"},{"extension":[{"url":"code","valueString":"path-history"},{"url":"value","valueString":"https://dhin.org/2025Connectathon/history.html"}],"url":"http://hl7.org/fhir/tools/StructureDefinition/ig-parameter"},{"extension":[{"url":"code","valueString":"template-html"},{"url":"value","valueString":"template-page.html"}],"url":"http://hl7.org/fhir/tools/StructureDefinition/ig-parameter"},{"extension":[{"url":"code","valueString":"template-md"},{"url":"value","valueString":"template-page-md.html"}],"url":"http://hl7.org/fhir/tools/StructureDefinition/ig-parameter"},{"extension":[{"url":"code","valueString":"apply-contact"},{"url":"value","valueString":"true"}],"url":"http://hl7.org/fhir/tools/StructureDefinition/ig-parameter"},{"extension":[{"url":"code","valueString":"apply-context"},{"url":"value","valueString":"true"}],"url":"http://hl7.org/fhir/tools/StructureDefinition/ig-parameter"},{"extension":[{"url":"code","valueString":"apply-copyright"},{"url":"value","valueString":"true"}],"url":"http://hl7.org/fhir/tools/StructureDefinition/ig-parameter"},{"extension":[{"url":"code","valueString":"apply-jurisdiction"},{"url":"value","valueString":"true"}],"url":"http://hl7.org/fhir/tools/StructureDefinition/ig-parameter"},{"extension":[{"url":"code","valueString":"apply-license"},{"url":"value","valueString":"true"}],"url":"http://hl7.org/fhir/tools/StructureDefinition/ig-parameter"},{"extension":[{"url":"code","valueString":"apply-publisher"},{"url":"value","valueString":"true"}],"url":"http://hl7.org/fhir/tools/StructureDefinition/ig-parameter"},{"extension":[{"url":"code","valueString":"apply-version"},{"url":"value","valueString":"true"}],"url":"http://hl7.org/fhir/tools/StructureDefinition/ig-parameter"},{"extension":[{"url":"code","valueString":"apply-wg"},{"url":"value","valueString":"true"}],"url":"http://hl7.org/fhir/tools/StructureDefinition/ig-parameter"},{"extension":[{"url":"code","valueString":"active-tables"},{"url":"value","valueString":"true"}],"url":"http://hl7.org/fhir/tools/StructureDefinition/ig-parameter"},{"extension":[{"url":"code","valueString":"fmm-definition"},{"url":"value","valueString":"http://hl7.org/fhir/versions.html#maturity"}],"url":"http://hl7.org/fhir/tools/StructureDefinition/ig-parameter"},{"extension":[{"url":"code","valueString":"propagate-status"},{"url":"value","valueString":"true"}],"url":"http://hl7.org/fhir/tools/StructureDefinition/ig-parameter"},{"extension":[{"url":"code","valueString":"excludelogbinaryformat"},{"url":"value","valueString":"true"}],"url":"http://hl7.org/fhir/tools/StructureDefinition/ig-parameter"},{"extension":[{"url":"code","valueString":"tabbed-snapshots"},{"url":"value","valueString":"true"}],"url":"http://hl7.org/fhir/tools/StructureDefinition/ig-parameter"},{"url":"http://hl7.org/fhir/tools/StructureDefinition/ig-internal-dependency","valueCode":"hl7.fhir.uv.tools.r4#0.7.1"},{"extension":[{"url":"code","valueCode":"copyrightyear"},{"url":"value","valueString":"2025+"}],"url":"http://hl7.org/fhir/tools/StructureDefinition/ig-parameter"},{"extension":[{"url":"code","valueCode":"releaselabel"},{"url":"value","valueString":"testing"}],"url":"http://hl7.org/fhir/tools/StructureDefinition/ig-parameter"},{"extension":[{"url":"code","valueCode":"autoload-resources"},{"url":"value","valueString":"true"}],"url":"http://hl7.org/fhir/tools/StructureDefinition/ig-parameter"},{"extension":[{"url":"code","valueCode":"path-liquid"},{"url":"value","valueString":"template/liquid"}],"url":"http://hl7.org/fhir/tools/StructureDefinition/ig-parameter"},{"extension":[{"url":"code","valueCode":"path-liquid"},{"url":"value","valueString":"input/liquid"}],"url":"http://hl7.org/fhir/tools/StructureDefinition/ig-parameter"},{"extension":[{"url":"code","valueCode":"path-qa"},{"url":"value","valueString":"temp/qa"}],"url":"http://hl7.org/fhir/tools/StructureDefinition/ig-parameter"},{"extension":[{"url":"code","valueCode":"path-temp"},{"url":"value","valueString":"temp/pages"}],"url":"http://hl7.org/fhir/tools/StructureDefinition/ig-parameter"},{"extension":[{"url":"code","valueCode":"path-output"},{"url":"value","valueString":"output"}],"url":"http://hl7.org/fhir/tools/StructureDefinition/ig-parameter"},{"extension":[{"url":"code","valueCode":"path-suppressed-warnings"},{"url":"value","valueString":"input/ignoreWarnings.txt"}],"url":"http://hl7.org/fhir/tools/StructureDefinition/ig-parameter"},{"extension":[{"url":"code","valueCode":"path-history"},{"url":"value","valueString":"https://dhin.org/2025Connectathon/history.html"}],"url":"http://hl7.org/fhir/tools/StructureDefinition/ig-parameter"},{"extension":[{"url":"code","valueCode":"template-html"},{"url":"value","valueString":"template-page.html"}],"url":"http://hl7.org/fhir/tools/StructureDefinition/ig-parameter"},{"extension":[{"url":"code","valueCode":"template-md"},{"url":"value","valueString":"template-page-md.html"}],"url":"http://hl7.org/fhir/tools/StructureDefinition/ig-parameter"},{"extension":[{"url":"code","valueCode":"apply-contact"},{"url":"value","valueString":"true"}],"url":"http://hl7.org/fhir/tools/StructureDefinition/ig-parameter"},{"extension":[{"url":"code","valueCode":"apply-context"},{"url":"value","valueString":"true"}],"url":"http://hl7.org/fhir/tools/StructureDefinition/ig-parameter"},{"extension":[{"url":"code","valueCode":"apply-copyright"},{"url":"value","valueString":"true"}],"url":"http://hl7.org/fhir/tools/StructureDefinition/ig-parameter"},{"extension":[{"url":"code","valueCode":"apply-jurisdiction"},{"url":"value","valueString":"true"}],"url":"http://hl7.org/fhir/tools/StructureDefinition/ig-parameter"},{"extension":[{"url":"code","valueCode":"apply-license"},{"url":"value","valueString":"true"}],"url":"http://hl7.org/fhir/tools/StructureDefinition/ig-parameter"},{"extension":[{"url":"code","valueCode":"apply-publisher"},{"url":"value","valueString":"true"}],"url":"http://hl7.org/fhir/tools/StructureDefinition/ig-parameter"},{"extension":[{"url":"code","valueCode":"apply-version"},{"url":"value","valueString":"true"}],"url":"http://hl7.org/fhir/tools/StructureDefinition/ig-parameter"},{"extension":[{"url":"code","valueCode":"apply-wg"},{"url":"value","valueString":"true"}],"url":"http://hl7.org/fhir/tools/StructureDefinition/ig-parameter"},{"extension":[{"url":"code","valueCode":"active-tables"},{"url":"value","valueString":"true"}],"url":"http://hl7.org/fhir/tools/StructureDefinition/ig-parameter"},{"extension":[{"url":"code","valueCode":"fmm-definition"},{"url":"value","valueString":"http://hl7.org/fhir/versions.html#maturity"}],"url":"http://hl7.org/fhir/tools/StructureDefinition/ig-parameter"},{"extension":[{"url":"code","valueCode":"propagate-status"},{"url":"value","valueString":"true"}],"url":"http://hl7.org/fhir/tools/StructureDefinition/ig-parameter"},{"extension":[{"url":"code","valueCode":"excludelogbinaryformat"},{"url":"value","valueString":"true"}],"url":"http://hl7.org/fhir/tools/StructureDefinition/ig-parameter"},{"extension":[{"url":"code","valueCode":"tabbed-snapshots"},{"url":"value","valueString":"true"}],"url":"http://hl7.org/fhir/tools/StructureDefinition/ig-parameter"},{"extension":[{"url":"code","valueCode":"copyrightyear"},{"url":"value","valueString":"2025+"}],"url":"http://hl7.org/fhir/tools/StructureDefinition/ig-parameter"},{"extension":[{"url":"code","valueCode":"releaselabel"},{"url":"value","valueString":"testing"}],"url":"http://hl7.org/fhir/tools/StructureDefinition/ig-parameter"},{"extension":[{"url":"code","valueCode":"autoload-resources"},{"url":"value","valueString":"true"}],"url":"http://hl7.org/fhir/tools/StructureDefinition/ig-parameter"},{"extension":[{"url":"code","valueCode":"path-liquid"},{"url":"value","valueString":"template/liquid"}],"url":"http://hl7.org/fhir/tools/StructureDefinition/ig-parameter"},{"extension":[{"url":"code","valueCode":"path-liquid"},{"url":"value","valueString":"input/liquid"}],"url":"http://hl7.org/fhir/tools/StructureDefinition/ig-parameter"},{"extension":[{"url":"code","valueCode":"path-qa"},{"url":"value","valueString":"temp/qa"}],"url":"http://hl7.org/fhir/tools/StructureDefinition/ig-parameter"},{"extension":[{"url":"code","valueCode":"path-temp"},{"url":"value","valueString":"temp/pages"}],"url":"http://hl7.org/fhir/tools/StructureDefinition/ig-parameter"},{"extension":[{"url":"code","valueCode":"path-output"},{"url":"value","valueString":"output"}],"url":"http://hl7.org/fhir/tools/StructureDefinition/ig-parameter"},{"extension":[{"url":"code","valueCode":"path-suppressed-warnings"},{"url":"value","valueString":"input/ignoreWarnings.txt"}],"url":"http://hl7.org/fhir/tools/StructureDefinition/ig-parameter"},{"extension":[{"url":"code","valueCode":"path-history"},{"url":"value","valueString":"https://dhin.org/2025Connectathon/history.html"}],"url":"http://hl7.org/fhir/tools/StructureDefinition/ig-parameter"},{"extension":[{"url":"code","valueCode":"template-html"},{"url":"value","valueString":"template-page.html"}],"url":"http://hl7.org/fhir/tools/StructureDefinition/ig-parameter"},{"extension":[{"url":"code","valueCode":"template-md"},{"url":"value","valueString":"template-page-md.html"}],"url":"http://hl7.org/fhir/tools/StructureDefinition/ig-parameter"},{"extension":[{"url":"code","valueCode":"apply-contact"},{"url":"value","valueString":"true"}],"url":"http://hl7.org/fhir/tools/StructureDefinition/ig-parameter"},{"extension":[{"url":"code","valueCode":"apply-context"},{"url":"value","valueString":"true"}],"url":"http://hl7.org/fhir/tools/StructureDefinition/ig-parameter"},{"extension":[{"url":"code","valueCode":"apply-copyright"},{"url":"value","valueString":"true"}],"url":"http://hl7.org/fhir/tools/StructureDefinition/ig-parameter"},{"extension":[{"url":"code","valueCode":"apply-jurisdiction"},{"url":"value","valueString":"true"}],"url":"http://hl7.org/fhir/tools/StructureDefinition/ig-parameter"},{"extension":[{"url":"code","valueCode":"apply-license"},{"url":"value","valueString":"true"}],"url":"http://hl7.org/fhir/tools/StructureDefinition/ig-parameter"},{"extension":[{"url":"code","valueCode":"apply-publisher"},{"url":"value","valueString":"true"}],"url":"http://hl7.org/fhir/tools/StructureDefinition/ig-parameter"},{"extension":[{"url":"code","valueCode":"apply-version"},{"url":"value","valueString":"true"}],"url":"http://hl7.org/fhir/tools/StructureDefinition/ig-parameter"},{"extension":[{"url":"code","valueCode":"apply-wg"},{"url":"value","valueString":"true"}],"url":"http://hl7.org/fhir/tools/StructureDefinition/ig-parameter"},{"extension":[{"url":"code","valueCode":"active-tables"},{"url":"value","valueString":"true"}],"url":"http://hl7.org/fhir/tools/StructureDefinition/ig-parameter"},{"extension":[{"url":"code","valueCode":"fmm-definition"},{"url":"value","valueString":"http://hl7.org/fhir/versions.html#maturity"}],"url":"http://hl7.org/fhir/tools/StructureDefinition/ig-parameter"},{"extension":[{"url":"code","valueCode":"propagate-status"},{"url":"value","valueString":"true"}],"url":"http://hl7.org/fhir/tools/StructureDefinition/ig-parameter"},{"extension":[{"url":"code","valueCode":"excludelogbinaryformat"},{"url":"value","valueString":"true"}],"url":"http://hl7.org/fhir/tools/StructureDefinition/ig-parameter"},{"extension":[{"url":"code","valueCode":"tabbed-snapshots"},{"url":"value","valueString":"true"}],"url":"http://hl7.org/fhir/tools/StructureDefinition/ig-parameter"}],"grouping":[{"id":"-str-profile","name":"Structures: Resource Profiles","description":"These define constraints on FHIR resources for systems conforming to this implementation guide."},{"id":"-term-valueset","name":"Terminology: Value Sets","description":"These define sets of codes used by systems conforming to this implementation guide."},{"id":"-term-codesystem","name":"Terminology: Code Systems","description":"These define new code systems used by systems conforming to this implementation guide."},{"id":"-ex-example","name":"Example: Example Instances","description":"These are example instances that show what data produced and consumed by systems conforming with this implementation guide might look like."}],"resource":[{"extension":[{"url":"http://hl7.org/fhir/tools/StructureDefinition/resource-sort","valueInteger":999999999},{"url":"http://hl7.org/fhir/StructureDefinition/implementationguide-page","valueUri":"StructureDefinition-ng-bundle-device-audit.html"}],"reference":{"reference":"StructureDefinition/ng-bundle-device-audit"},"name":"1-NG-Bundle: Device Audit","description":"Bundle profile capturing audit events related to device usage and operations.","exampleBoolean":false,"groupingId":"-str-profile"},{"extension":[{"url":"http://hl7.org/fhir/tools/StructureDefinition/resource-sort","valueInteger":999999999},{"url":"http://hl7.org/fhir/StructureDefinition/implementationguide-page","valueUri":"StructureDefinition-ng-bundle-device-monitoring-session.html"}],"reference":{"reference":"StructureDefinition/ng-bundle-device-monitoring-session"},"name":"2-NG-Bundle: Device Monitoring Session","description":"A Bundle capturing device-generated data during a patient monitoring session.","exampleBoolean":false,"groupingId":"-str-profile"},{"extension":[{"url":"http://hl7.org/fhir/tools/StructureDefinition/resource-sort","valueInteger":999999999},{"url":"http://hl7.org/fhir/StructureDefinition/implementationguide-page","valueUri":"StructureDefinition-ng-bundle-device-observation.html"}],"reference":{"reference":"StructureDefinition/ng-bundle-device-observation"},"name":"3-NG-Bundle: Device Observation","description":"A bundle to capture observations generated by a device including device and device metric context.","exampleBoolean":false,"groupingId":"-str-profile"},{"extension":[{"url":"http://hl7.org/fhir/tools/StructureDefinition/resource-sort","valueInteger":999999999},{"url":"http://hl7.org/fhir/StructureDefinition/implementationguide-page","valueUri":"StructureDefinition-ng-bundle-device-provenance.html"}],"reference":{"reference":"StructureDefinition/ng-bundle-device-provenance"},"name":"4-NG-Bundle: Device Provenance","description":"A Bundle capturing provenance data for device data submission or synchronization.","exampleBoolean":false,"groupingId":"-str-profile"},{"extension":[{"url":"http://hl7.org/fhir/tools/StructureDefinition/resource-sort","valueInteger":999999999},{"url":"http://hl7.org/fhir/StructureDefinition/implementationguide-page","valueUri":"StructureDefinition-ng-bundle-device-registration.html"}],"reference":{"reference":"StructureDefinition/ng-bundle-device-registration"},"name":"5-NG-Bundle: Device Registration","description":"Bundle for registering a new medical device with associated metadata and manufacturer organization.","exampleBoolean":false,"groupingId":"-str-profile"},{"extension":[{"url":"http://hl7.org/fhir/tools/StructureDefinition/resource-sort","valueInteger":999999999},{"url":"http://hl7.org/fhir/StructureDefinition/implementationguide-page","valueUri":"StructureDefinition-ng-bundle-device-task-execution.html"}],"reference":{"reference":"StructureDefinition/ng-bundle-device-task-execution"},"name":"6-NG-Bundle: Device Task Execution","description":"A bundle for coordinating the execution of a task on a device including requester, execution info, and the device involved.","exampleBoolean":false,"groupingId":"-str-profile"},{"extension":[{"url":"http://hl7.org/fhir/tools/StructureDefinition/resource-sort","valueInteger":999999999},{"url":"http://hl7.org/fhir/StructureDefinition/implementationguide-page","valueUri":"StructureDefinition-ng-audit-event.html"}],"reference":{"reference":"StructureDefinition/ng-audit-event"},"name":"NG AuditEvent","description":"A profile for logging access and interactions with health data in Nigeria, such as prescriptions or patient records.","exampleBoolean":false,"groupingId":"-str-profile"},{"extension":[{"url":"http://hl7.org/fhir/tools/StructureDefinition/resource-sort","valueInteger":999999999},{"url":"http://hl7.org/fhir/StructureDefinition/implementationguide-page","valueUri":"StructureDefinition-ng-communication.html"}],"reference":{"reference":"StructureDefinition/ng-communication"},"name":"NG Communication","description":"A profile for recording formal communication exchanges such as notifications, clarifications, or feedback in health service delivery.","exampleBoolean":false,"groupingId":"-str-profile"},{"extension":[{"url":"http://hl7.org/fhir/tools/StructureDefinition/resource-sort","valueInteger":999999999},{"url":"http://hl7.org/fhir/StructureDefinition/implementationguide-page","valueUri":"StructureDefinition-ng-device.html"}],"reference":{"reference":"StructureDefinition/ng-device"},"name":"NG Device","description":"A profile for medical devices such as chemistry analyzers used in diagnostics.","exampleBoolean":false,"groupingId":"-str-profile"},{"extension":[{"url":"http://hl7.org/fhir/tools/StructureDefinition/resource-sort","valueInteger":999999999},{"url":"http://hl7.org/fhir/StructureDefinition/implementationguide-page","valueUri":"StructureDefinition-ng-device-definition.html"}],"reference":{"reference":"StructureDefinition/ng-device-definition"},"name":"NG DeviceDefinition","description":"Profile for defining medical devices such as analyzers, monitors, and diagnostic tools used in Nigerian health facilities.","exampleBoolean":false,"groupingId":"-str-profile"},{"extension":[{"url":"http://hl7.org/fhir/tools/StructureDefinition/resource-sort","valueInteger":999999999},{"url":"http://hl7.org/fhir/StructureDefinition/implementationguide-page","valueUri":"StructureDefinition-ng-device-metric.html"}],"reference":{"reference":"StructureDefinition/ng-device-metric"},"name":"NG DeviceMetric","description":"A profile representing a measurement channel or metric produced by a medical device.","exampleBoolean":false,"groupingId":"-str-profile"},{"extension":[{"url":"http://hl7.org/fhir/tools/StructureDefinition/resource-sort","valueInteger":999999999},{"url":"http://hl7.org/fhir/StructureDefinition/implementationguide-page","valueUri":"StructureDefinition-ng-diagnostic-report.html"}],"reference":{"reference":"StructureDefinition/ng-diagnostic-report"},"name":"NG DiagnosticReport","description":"A profile representing diagnostic report results in the Nigerian health system.","exampleBoolean":false,"groupingId":"-str-profile"},{"extension":[{"url":"http://hl7.org/fhir/tools/StructureDefinition/resource-sort","valueInteger":999999999},{"url":"http://hl7.org/fhir/StructureDefinition/implementationguide-page","valueUri":"StructureDefinition-ng-document-reference.html"}],"reference":{"reference":"StructureDefinition/ng-document-reference"},"name":"NG DocumentReference","description":"A profile for referencing external or internal documents such as lab reports, discharge summaries, prescriptions, or scanned forms.","exampleBoolean":false,"groupingId":"-str-profile"},{"extension":[{"url":"http://hl7.org/fhir/tools/StructureDefinition/resource-sort","valueInteger":999999999},{"url":"http://hl7.org/fhir/StructureDefinition/implementationguide-page","valueUri":"StructureDefinition-ng-prescription-encounter.html"}],"reference":{"reference":"StructureDefinition/ng-prescription-encounter"},"name":"NG Encounter","description":"A profile representing patient encounters related to ePrescription.","exampleBoolean":false,"groupingId":"-str-profile"},{"extension":[{"url":"http://hl7.org/fhir/tools/StructureDefinition/resource-sort","valueInteger":999999999},{"url":"http://hl7.org/fhir/StructureDefinition/implementationguide-page","valueUri":"StructureDefinition-ng-location.html"}],"reference":{"reference":"StructureDefinition/ng-location"},"name":"NG Location","description":"A profile representing facility locations such as pharmacies, wards, or service points in Nigeria.","exampleBoolean":false,"groupingId":"-str-profile"},{"extension":[{"url":"http://hl7.org/fhir/tools/StructureDefinition/resource-sort","valueInteger":999999999},{"url":"http://hl7.org/fhir/StructureDefinition/implementationguide-page","valueUri":"StructureDefinition-ng-medication.html"}],"reference":{"reference":"StructureDefinition/ng-medication"},"name":"NG Medication","description":"A profile for medications prescribed and dispensed in Nigeria.","exampleBoolean":false,"groupingId":"-str-profile"},{"extension":[{"url":"http://hl7.org/fhir/tools/StructureDefinition/resource-sort","valueInteger":999999999},{"url":"http://hl7.org/fhir/StructureDefinition/implementationguide-page","valueUri":"StructureDefinition-ng-medication-dispense.html"}],"reference":{"reference":"StructureDefinition/ng-medication-dispense"},"name":"NG MedicationDispense","description":"A profile for recording dispensation of prescribed medications by a pharmacy in Nigeria.","exampleBoolean":false,"groupingId":"-str-profile"},{"extension":[{"url":"http://hl7.org/fhir/tools/StructureDefinition/resource-sort","valueInteger":999999999},{"url":"http://hl7.org/fhir/StructureDefinition/implementationguide-page","valueUri":"StructureDefinition-ng-medication-request.html"}],"reference":{"reference":"StructureDefinition/ng-medication-request"},"name":"NG MedicationRequest","description":"A profile for electronic prescriptions issued by Nigerian healthcare providers.","exampleBoolean":false,"groupingId":"-str-profile"},{"extension":[{"url":"http://hl7.org/fhir/tools/StructureDefinition/resource-sort","valueInteger":999999999},{"url":"http://hl7.org/fhir/StructureDefinition/implementationguide-page","valueUri":"StructureDefinition-ng-observation-labresult.html"}],"reference":{"reference":"StructureDefinition/ng-observation-labresult"},"name":"NG Observation - Laboratory Result","description":"A profile for representing laboratory result observations.","exampleBoolean":false,"groupingId":"-str-profile"},{"extension":[{"url":"http://hl7.org/fhir/tools/StructureDefinition/resource-sort","valueInteger":999999999},{"url":"http://hl7.org/fhir/StructureDefinition/implementationguide-page","valueUri":"StructureDefinition-ng-imm-organization.html"}],"reference":{"reference":"StructureDefinition/ng-imm-organization"},"name":"NG Organization","description":"An organization profile representing healthcare facilities responsible for health services or other types of organizations.","exampleBoolean":false,"groupingId":"-str-profile"},{"extension":[{"url":"http://hl7.org/fhir/tools/StructureDefinition/resource-sort","valueInteger":999999999},{"url":"http://hl7.org/fhir/StructureDefinition/implementationguide-page","valueUri":"StructureDefinition-NgPatient.html"}],"reference":{"reference":"StructureDefinition/NgPatient"},"name":"NG Patient","description":"Nigeria Patient Profile","exampleBoolean":false,"groupingId":"-str-profile"},{"extension":[{"url":"http://hl7.org/fhir/tools/StructureDefinition/resource-sort","valueInteger":999999999},{"url":"http://hl7.org/fhir/StructureDefinition/implementationguide-page","valueUri":"StructureDefinition-NgPractitioner.html"}],"reference":{"reference":"StructureDefinition/NgPractitioner"},"name":"NG Practitioner","description":"Profile for a Nigerian Practitioner","exampleBoolean":false,"groupingId":"-str-profile"},{"extension":[{"url":"http://hl7.org/fhir/tools/StructureDefinition/resource-sort","valueInteger":999999999},{"url":"http://hl7.org/fhir/StructureDefinition/implementationguide-page","valueUri":"StructureDefinition-ng-practitionerrole.html"}],"reference":{"reference":"StructureDefinition/ng-practitionerrole"},"name":"NG PractitionerRole","description":"A profile for defining the role of a practitioner within an organization.","exampleBoolean":false,"groupingId":"-str-profile"},{"extension":[{"url":"http://hl7.org/fhir/tools/StructureDefinition/resource-sort","valueInteger":999999999},{"url":"http://hl7.org/fhir/StructureDefinition/implementationguide-page","valueUri":"StructureDefinition-ng-provenance.html"}],"reference":{"reference":"StructureDefinition/ng-provenance"},"name":"NG Provenance","description":"A profile for capturing metadata about creation or modification of health data in Nigeria, especially for audit and signature purposes.","exampleBoolean":false,"groupingId":"-str-profile"},{"extension":[{"url":"http://hl7.org/fhir/tools/StructureDefinition/resource-sort","valueInteger":999999999},{"url":"http://hl7.org/fhir/StructureDefinition/implementationguide-page","valueUri":"StructureDefinition-ng-claim-task.html"}],"reference":{"reference":"StructureDefinition/ng-claim-task"},"name":"NG Task","description":"A profile for workflow and task management in ePrescription processing.","exampleBoolean":false,"groupingId":"-str-profile"},{"extension":[{"url":"http://hl7.org/fhir/tools/StructureDefinition/resource-sort","valueInteger":999999999},{"url":"http://hl7.org/fhir/StructureDefinition/implementationguide-page","valueUri":"StructureDefinition-ng-claim-coverage.html"}],"reference":{"reference":"StructureDefinition/ng-claim-coverage"},"name":"NG-Claim Coverage","description":"A profile capturing a patient's insurance coverage details.","exampleBoolean":false,"groupingId":"-str-profile"},{"extension":[{"url":"http://hl7.org/fhir/tools/StructureDefinition/resource-sort","valueInteger":999999999},{"url":"http://hl7.org/fhir/StructureDefinition/implementationguide-page","valueUri":"StructureDefinition-ng-eligibility-request.html"}],"reference":{"reference":"StructureDefinition/ng-eligibility-request"},"name":"NG-CoverageEligibilityRequest","description":"A profile for checking patient's eligibility for insurance services.","exampleBoolean":false,"groupingId":"-str-profile"},{"extension":[{"url":"http://hl7.org/fhir/tools/StructureDefinition/resource-sort","valueInteger":999999999},{"url":"http://hl7.org/fhir/StructureDefinition/implementationguide-page","valueUri":"ValueSet-nigeria-gender.html"}],"reference":{"reference":"ValueSet/nigeria-gender"},"name":"NG-Imm Gender or Sex VS","description":"Subset of HL7 administrative-gender limited to 'male' and 'female'.","exampleBoolean":false,"groupingId":"-term-valueset"},{"extension":[{"url":"http://hl7.org/fhir/tools/StructureDefinition/resource-sort","valueInteger":999999999},{"url":"http://hl7.org/fhir/StructureDefinition/implementationguide-page","valueUri":"ValueSet-nigeria-facility-types.html"}],"reference":{"reference":"ValueSet/nigeria-facility-types"},"name":"NG-Imm HealthFacility Type VS","description":"Classification of Nigerian health facilities","exampleBoolean":false,"groupingId":"-term-valueset"},{"extension":[{"url":"http://hl7.org/fhir/tools/StructureDefinition/resource-sort","valueInteger":999999999},{"url":"http://hl7.org/fhir/StructureDefinition/implementationguide-page","valueUri":"ValueSet-nigeria-lgas.html"}],"reference":{"reference":"ValueSet/nigeria-lgas"},"name":"NG-Imm LGAs VS","description":"The administrative Local Government Areas where a person or a facility is.","exampleBoolean":false,"groupingId":"-term-valueset"},{"extension":[{"url":"http://hl7.org/fhir/tools/StructureDefinition/resource-sort","valueInteger":999999999},{"url":"http://hl7.org/fhir/StructureDefinition/implementationguide-page","valueUri":"ValueSet-nigeria-languages.html"}],"reference":{"reference":"ValueSet/nigeria-languages"},"name":"NG-Imm Languages VS","description":"The Patient's preferred language for communication.","exampleBoolean":false,"groupingId":"-term-valueset"},{"extension":[{"url":"http://hl7.org/fhir/tools/StructureDefinition/resource-sort","valueInteger":999999999},{"url":"http://hl7.org/fhir/StructureDefinition/implementationguide-page","valueUri":"ValueSet-nigeria-location-owner.html"}],"reference":{"reference":"ValueSet/nigeria-location-owner"},"name":"NG-Imm Location Owner","description":"The owner of an Immunization location","exampleBoolean":false,"groupingId":"-term-valueset"},{"extension":[{"url":"http://hl7.org/fhir/tools/StructureDefinition/resource-sort","valueInteger":999999999},{"url":"http://hl7.org/fhir/StructureDefinition/implementationguide-page","valueUri":"ValueSet-nigeria-states.html"}],"reference":{"reference":"ValueSet/nigeria-states"},"name":"NG-Imm States VS","description":"The state where a person or a facility is.","exampleBoolean":false,"groupingId":"-term-valueset"},{"extension":[{"url":"http://hl7.org/fhir/tools/StructureDefinition/resource-sort","valueInteger":999999999},{"url":"http://hl7.org/fhir/StructureDefinition/implementationguide-page","valueUri":"ValueSet-nigeria-wards.html"}],"reference":{"reference":"ValueSet/nigeria-wards"},"name":"NG-Imm Wards VS","description":"The administrative Ward (within an LGA) where a person or a facility is.","exampleBoolean":false,"groupingId":"-term-valueset"},{"extension":[{"url":"http://hl7.org/fhir/tools/StructureDefinition/resource-sort","valueInteger":999999999},{"url":"http://hl7.org/fhir/StructureDefinition/implementationguide-page","valueUri":"CodeSystem-nigeria-wards.html"}],"reference":{"reference":"CodeSystem/nigeria-wards"},"name":"NG-Imm Administrative Wards CS","description":"This CodeSystem defines ward codes and names mapped to their respective Local Government Areas (LGAs) in Nigeria.","exampleBoolean":false,"groupingId":"-term-codesystem"},{"extension":[{"url":"http://hl7.org/fhir/tools/StructureDefinition/resource-sort","valueInteger":999999999},{"url":"http://hl7.org/fhir/StructureDefinition/implementationguide-page","valueUri":"CodeSystem-nigeria-facility-type.html"}],"reference":{"reference":"CodeSystem/nigeria-facility-type"},"name":"NG-Imm Facility Type CS","description":"A standardized classification system used to describe the type or level of health facility within a healthcare delivery system, based on the scope of services provided, staffing, infrastructure, and administrative role.","exampleBoolean":false,"groupingId":"-term-codesystem"},{"extension":[{"url":"http://hl7.org/fhir/tools/StructureDefinition/resource-sort","valueInteger":999999999},{"url":"http://hl7.org/fhir/StructureDefinition/implementationguide-page","valueUri":"CodeSystem-nigeria-gender.html"}],"reference":{"reference":"CodeSystem/nigeria-gender"},"name":"NG-Imm Gender CS","description":"The administrative gender of a person.","exampleBoolean":false,"groupingId":"-term-codesystem"},{"extension":[{"url":"http://hl7.org/fhir/tools/StructureDefinition/resource-sort","valueInteger":999999999},{"url":"http://hl7.org/fhir/StructureDefinition/implementationguide-page","valueUri":"CodeSystem-nigeria-lgas.html"}],"reference":{"reference":"CodeSystem/nigeria-lgas"},"name":"NG-Imm LGAs in Nigeria CS","description":"This CodeSystem defines LGA codes and names mapped to their respective States in Nigeria.","exampleBoolean":false,"groupingId":"-term-codesystem"},{"extension":[{"url":"http://hl7.org/fhir/tools/StructureDefinition/resource-sort","valueInteger":999999999},{"url":"http://hl7.org/fhir/StructureDefinition/implementationguide-page","valueUri":"CodeSystem-nigeria-location-owner-cs.html"}],"reference":{"reference":"CodeSystem/nigeria-location-owner-cs"},"name":"NG-Imm Location Owner CS","description":"This CodeSystem defines Immunization Location Owner.","exampleBoolean":false,"groupingId":"-term-codesystem"},{"extension":[{"url":"http://hl7.org/fhir/tools/StructureDefinition/resource-sort","valueInteger":999999999},{"url":"http://hl7.org/fhir/StructureDefinition/implementationguide-page","valueUri":"CodeSystem-nigeria-states.html"}],"reference":{"reference":"CodeSystem/nigeria-states"},"name":"NG-Imm States in Nigeria CS","description":"This CodeSystem defines ward codes and names mapped to their respective States in Nigeria.","exampleBoolean":false,"groupingId":"-term-codesystem"},{"extension":[{"url":"http://hl7.org/fhir/tools/StructureDefinition/resource-sort","valueInteger":999999999},{"url":"http://hl7.org/fhir/StructureDefinition/implementationguide-page","valueUri":"CodeSystem-nigeria-languages.html"}],"reference":{"reference":"CodeSystem/nigeria-languages"},"name":"NG‑Imm Languages in Nigeria CS","description":"This CodeSystem defines codes for major languages spoken across Nigeria.","exampleBoolean":false,"groupingId":"-term-codesystem"},{"extension":[{"url":"http://hl7.org/fhir/tools/StructureDefinition/resource-sort","valueInteger":999999999},{"url":"http://hl7.org/fhir/StructureDefinition/implementationguide-page","valueUri":"Medication-medication-004.html"}],"reference":{"reference":"Medication/medication-004"},"name":"Example: Amoxicillin 250mg Capsule","description":"An example medication definition for Amoxicillin.","exampleCanonical":"https://dhin.org/2025Connectathon/StructureDefinition/ng-medication","groupingId":"-ex-example"},{"extension":[{"url":"http://hl7.org/fhir/tools/StructureDefinition/resource-sort","valueInteger":999999999},{"url":"http://hl7.org/fhir/StructureDefinition/implementationguide-page","valueUri":"AuditEvent-audit-003.html"}],"reference":{"reference":"AuditEvent/audit-003"},"name":"Example: AuditEvent for Prescription Access","description":"An example AuditEvent recording a practitioner viewing a prescription.","exampleCanonical":"https://dhin.org/2025Connectathon/StructureDefinition/ng-audit-event","groupingId":"-ex-example"},{"extension":[{"url":"http://hl7.org/fhir/tools/StructureDefinition/resource-sort","valueInteger":999999999},{"url":"http://hl7.org/fhir/StructureDefinition/implementationguide-page","valueUri":"DeviceDefinition-chemistry-analyzer-definition.html"}],"reference":{"reference":"DeviceDefinition/chemistry-analyzer-definition"},"name":"Example: Chemistry Analyzer Definition","description":"Example DeviceDefinition for a standard clinical chemistry analyzer used in diagnostics.","exampleCanonical":"https://dhin.org/2025Connectathon/StructureDefinition/ng-device-definition","groupingId":"-ex-example"},{"extension":[{"url":"http://hl7.org/fhir/tools/StructureDefinition/resource-sort","valueInteger":999999999},{"url":"http://hl7.org/fhir/StructureDefinition/implementationguide-page","valueUri":"Device-chemistry-analyzer-device.html"}],"reference":{"reference":"Device/chemistry-analyzer-device"},"name":"Example: Chemistry Analyzer Device","description":"Example of a medical device - Chemistry Analyzer used in laboratory diagnostics.","exampleCanonical":"https://dhin.org/2025Connectathon/StructureDefinition/ng-device","groupingId":"-ex-example"},{"extension":[{"url":"http://hl7.org/fhir/tools/StructureDefinition/resource-sort","valueInteger":999999999},{"url":"http://hl7.org/fhir/StructureDefinition/implementationguide-page","valueUri":"Coverage-coverage-004.html"}],"reference":{"reference":"Coverage/coverage-004"},"name":"Example: Claim Coverage","description":"An example of a patient's insurance coverage details.","exampleCanonical":"https://dhin.org/2025Connectathon/StructureDefinition/ng-claim-coverage","groupingId":"-ex-example"},{"extension":[{"url":"http://hl7.org/fhir/tools/StructureDefinition/resource-sort","valueInteger":999999999},{"url":"http://hl7.org/fhir/StructureDefinition/implementationguide-page","valueUri":"Communication-example-communication.html"}],"reference":{"reference":"Communication/example-communication"},"name":"Example: Communication from Pharmacy to Prescriber","description":"An example communication sent from a pharmacist to a doctor requesting clarification on a prescription.","exampleCanonical":"https://dhin.org/2025Connectathon/StructureDefinition/ng-communication","groupingId":"-ex-example"},{"extension":[{"url":"http://hl7.org/fhir/tools/StructureDefinition/resource-sort","valueInteger":999999999},{"url":"http://hl7.org/fhir/StructureDefinition/implementationguide-page","valueUri":"CoverageEligibilityRequest-eligibility-request-004.html"}],"reference":{"reference":"CoverageEligibilityRequest/eligibility-request-004"},"name":"Example: Coverage Eligibility Request","description":"An example of a patient's request to check insurance service eligibility.","exampleCanonical":"https://dhin.org/2025Connectathon/StructureDefinition/ng-eligibility-request","groupingId":"-ex-example"},{"extension":[{"url":"http://hl7.org/fhir/tools/StructureDefinition/resource-sort","valueInteger":999999999},{"url":"http://hl7.org/fhir/StructureDefinition/implementationguide-page","valueUri":"Bundle-DeviceAuditExample.html"}],"reference":{"reference":"Bundle/DeviceAuditExample"},"name":"Example: Device Audit Bundle","description":"An example bundle for auditing device events.","exampleCanonical":"https://dhin.org/2025Connectathon/StructureDefinition/ng-bundle-device-audit","groupingId":"-ex-example"},{"extension":[{"url":"http://hl7.org/fhir/tools/StructureDefinition/resource-sort","valueInteger":999999999},{"url":"http://hl7.org/fhir/StructureDefinition/implementationguide-page","valueUri":"Bundle-DeviceMonitoringSessionExample.html"}],"reference":{"reference":"Bundle/DeviceMonitoringSessionExample"},"name":"Example: Device Monitoring Session","description":"An example bundle for a vital signs monitoring session","exampleCanonical":"https://dhin.org/2025Connectathon/StructureDefinition/ng-bundle-device-monitoring-session","groupingId":"-ex-example"},{"extension":[{"url":"http://hl7.org/fhir/tools/StructureDefinition/resource-sort","valueInteger":999999999},{"url":"http://hl7.org/fhir/StructureDefinition/implementationguide-page","valueUri":"Bundle-DeviceObservationBundleExample.html"}],"reference":{"reference":"Bundle/DeviceObservationBundleExample"},"name":"Example: Device Observation Bundle","description":"An example of a device sending observation data with associated metadata.","exampleCanonical":"https://dhin.org/2025Connectathon/StructureDefinition/ng-bundle-device-observation","groupingId":"-ex-example"},{"extension":[{"url":"http://hl7.org/fhir/tools/StructureDefinition/resource-sort","valueInteger":999999999},{"url":"http://hl7.org/fhir/StructureDefinition/implementationguide-page","valueUri":"Bundle-DeviceProvenanceBundleExample.html"}],"reference":{"reference":"Bundle/DeviceProvenanceBundleExample"},"name":"Example: Device Provenance Bundle","description":"An example bundle showing provenance for a submitted device record.","exampleCanonical":"https://dhin.org/2025Connectathon/StructureDefinition/ng-bundle-device-provenance","groupingId":"-ex-example"},{"extension":[{"url":"http://hl7.org/fhir/tools/StructureDefinition/resource-sort","valueInteger":999999999},{"url":"http://hl7.org/fhir/StructureDefinition/implementationguide-page","valueUri":"Bundle-DeviceRegistrationBundle001.html"}],"reference":{"reference":"Bundle/DeviceRegistrationBundle001"},"name":"Example: Device Registration Bundle","description":"An example bundle used to register a blood chemistry analyzer with regulatory authority.","exampleCanonical":"https://dhin.org/2025Connectathon/StructureDefinition/ng-bundle-device-registration","groupingId":"-ex-example"},{"extension":[{"url":"http://hl7.org/fhir/tools/StructureDefinition/resource-sort","valueInteger":999999999},{"url":"http://hl7.org/fhir/StructureDefinition/implementationguide-page","valueUri":"Bundle-DeviceTaskExecutionBundle.html"}],"reference":{"reference":"Bundle/DeviceTaskExecutionBundle"},"name":"Example: Device Task Execution Bundle","description":"Example bundle for tracking execution of a calibration task on a device.","exampleCanonical":"https://dhin.org/2025Connectathon/StructureDefinition/ng-bundle-device-task-execution","groupingId":"-ex-example"},{"extension":[{"url":"http://hl7.org/fhir/tools/StructureDefinition/resource-sort","valueInteger":999999999},{"url":"http://hl7.org/fhir/StructureDefinition/implementationguide-page","valueUri":"Observation-lab-observation-004.html"}],"reference":{"reference":"Observation/lab-observation-004"},"name":"Example: Lab Result Observation","description":"An example of a laboratory result observation for hemoglobin.","exampleCanonical":"https://dhin.org/2025Connectathon/StructureDefinition/ng-observation-labresult","groupingId":"-ex-example"},{"extension":[{"url":"http://hl7.org/fhir/tools/StructureDefinition/resource-sort","valueInteger":999999999},{"url":"http://hl7.org/fhir/StructureDefinition/implementationguide-page","valueUri":"MedicationDispense-dispense-004.html"}],"reference":{"reference":"MedicationDispense/dispense-004"},"name":"Example: Medication Dispense","description":"An example of a pharmacist dispensing Amoxicillin 250mg.","exampleCanonical":"https://dhin.org/2025Connectathon/StructureDefinition/ng-medication-dispense","groupingId":"-ex-example"},{"extension":[{"url":"http://hl7.org/fhir/tools/StructureDefinition/resource-sort","valueInteger":999999999},{"url":"http://hl7.org/fhir/StructureDefinition/implementationguide-page","valueUri":"MedicationRequest-medicationrequest-004.html"}],"reference":{"reference":"MedicationRequest/medicationrequest-004"},"name":"Example: MedicationRequest","description":"An example of an electronic prescription for Amoxicillin.","exampleCanonical":"https://dhin.org/2025Connectathon/StructureDefinition/ng-medication-request","groupingId":"-ex-example"},{"extension":[{"url":"http://hl7.org/fhir/tools/StructureDefinition/resource-sort","valueInteger":999999999},{"url":"http://hl7.org/fhir/StructureDefinition/implementationguide-page","valueUri":"DeviceMetric-devicemetric-004.html"}],"reference":{"reference":"DeviceMetric/devicemetric-004"},"name":"Example: NG DeviceMetric","description":"An example metric from a chemistry analyzer measuring glucose level.","exampleCanonical":"https://dhin.org/2025Connectathon/StructureDefinition/ng-device-metric","groupingId":"-ex-example"},{"extension":[{"url":"http://hl7.org/fhir/tools/StructureDefinition/resource-sort","valueInteger":999999999},{"url":"http://hl7.org/fhir/StructureDefinition/implementationguide-page","valueUri":"DiagnosticReport-ExampleNgDiagnosticReport.html"}],"reference":{"reference":"DiagnosticReport/ExampleNgDiagnosticReport"},"name":"Example: NG Diagnostic Report","description":"An example diagnostic report for a blood chemistry test","exampleCanonical":"https://dhin.org/2025Connectathon/StructureDefinition/ng-diagnostic-report","groupingId":"-ex-example"},{"extension":[{"url":"http://hl7.org/fhir/tools/StructureDefinition/resource-sort","valueInteger":999999999},{"url":"http://hl7.org/fhir/StructureDefinition/implementationguide-page","valueUri":"Organization-organization-004.html"}],"reference":{"reference":"Organization/organization-004"},"name":"Example: NG Organization","description":"An example of a healthcare facility organization.","exampleCanonical":"https://dhin.org/2025Connectathon/StructureDefinition/ng-imm-organization","groupingId":"-ex-example"},{"extension":[{"url":"http://hl7.org/fhir/tools/StructureDefinition/resource-sort","valueInteger":999999999},{"url":"http://hl7.org/fhir/StructureDefinition/implementationguide-page","valueUri":"Patient-patient-004.html"}],"reference":{"reference":"Patient/patient-004"},"name":"Example: NG Patient","description":"An example instance of a Nigerian patient profile","exampleCanonical":"https://dhin.org/2025Connectathon/StructureDefinition/NgPatient","groupingId":"-ex-example"},{"extension":[{"url":"http://hl7.org/fhir/tools/StructureDefinition/resource-sort","valueInteger":999999999},{"url":"http://hl7.org/fhir/StructureDefinition/implementationguide-page","valueUri":"Practitioner-practitioner-004.html"}],"reference":{"reference":"Practitioner/practitioner-004"},"name":"Example: NG Practitioner","description":"An example of a Nigerian healthcare practitioner.","exampleCanonical":"https://dhin.org/2025Connectathon/StructureDefinition/NgPractitioner","groupingId":"-ex-example"},{"extension":[{"url":"http://hl7.org/fhir/tools/StructureDefinition/resource-sort","valueInteger":999999999},{"url":"http://hl7.org/fhir/StructureDefinition/implementationguide-page","valueUri":"PractitionerRole-practitioner-role-004.html"}],"reference":{"reference":"PractitionerRole/practitioner-role-004"},"name":"Example: NG PractitionerRole","description":"An example defining the role of a practitioner within a Nigerian healthcare organization.","exampleCanonical":"https://dhin.org/2025Connectathon/StructureDefinition/ng-practitionerrole","groupingId":"-ex-example"},{"extension":[{"url":"http://hl7.org/fhir/tools/StructureDefinition/resource-sort","valueInteger":999999999},{"url":"http://hl7.org/fhir/StructureDefinition/implementationguide-page","valueUri":"Location-example-location.html"}],"reference":{"reference":"Location/example-location"},"name":"Example: Pharmacy Location","description":"An example location representing a pharmacy branch.","exampleCanonical":"https://dhin.org/2025Connectathon/StructureDefinition/ng-location","groupingId":"-ex-example"},{"extension":[{"url":"http://hl7.org/fhir/tools/StructureDefinition/resource-sort","valueInteger":999999999},{"url":"http://hl7.org/fhir/StructureDefinition/implementationguide-page","valueUri":"Encounter-encounter-004.html"}],"reference":{"reference":"Encounter/encounter-004"},"name":"Example: Prescription Encounter","description":"An example encounter related to an ePrescription event.","exampleCanonical":"https://dhin.org/2025Connectathon/StructureDefinition/ng-prescription-encounter","groupingId":"-ex-example"},{"extension":[{"url":"http://hl7.org/fhir/tools/StructureDefinition/resource-sort","valueInteger":999999999},{"url":"http://hl7.org/fhir/StructureDefinition/implementationguide-page","valueUri":"Provenance-provenance-004.html"}],"reference":{"reference":"Provenance/provenance-004"},"name":"Example: Provenance of ePrescription","description":"An example of provenance capturing the author and timestamp of a prescription.","exampleCanonical":"https://dhin.org/2025Connectathon/StructureDefinition/ng-provenance","groupingId":"-ex-example"},{"extension":[{"url":"http://hl7.org/fhir/tools/StructureDefinition/resource-sort","valueInteger":999999999},{"url":"http://hl7.org/fhir/StructureDefinition/implementationguide-page","valueUri":"DocumentReference-example-document-reference.html"}],"reference":{"reference":"DocumentReference/example-document-reference"},"name":"Example: Scanned Discharge Summary","description":"An example of a scanned discharge summary document reference.","exampleCanonical":"https://dhin.org/2025Connectathon/StructureDefinition/ng-document-reference","groupingId":"-ex-example"},{"extension":[{"url":"http://hl7.org/fhir/tools/StructureDefinition/resource-sort","valueInteger":999999999},{"url":"http://hl7.org/fhir/StructureDefinition/implementationguide-page","valueUri":"Task-example-claim-task.html"}],"reference":{"reference":"Task/example-claim-task"},"name":"Example: Task for Dispensing Prescription","description":"A task representing the assignment to dispense a prescription in an ePrescription workflow.","exampleCanonical":"https://dhin.org/2025Connectathon/StructureDefinition/ng-claim-task","groupingId":"-ex-example"},{"extension":[{"url":"http://hl7.org/fhir/tools/StructureDefinition/resource-sort","valueInteger":999999999},{"url":"http://hl7.org/fhir/StructureDefinition/implementationguide-page","valueUri":"Device-device-001.html"}],"reference":{"reference":"Device/device-001"},"name":"device-001","exampleBoolean":true,"groupingId":"-ex-example"},{"extension":[{"url":"http://hl7.org/fhir/tools/StructureDefinition/resource-sort","valueInteger":999999999},{"url":"http://hl7.org/fhir/StructureDefinition/implementationguide-page","valueUri":"Device-device-003.html"}],"reference":{"reference":"Device/device-003"},"name":"device-003","exampleBoolean":true,"groupingId":"-ex-example"},{"extension":[{"url":"http://hl7.org/fhir/tools/StructureDefinition/resource-sort","valueInteger":999999999},{"url":"http://hl7.org/fhir/StructureDefinition/implementationguide-page","valueUri":"Device-device-006.html"}],"reference":{"reference":"Device/device-006"},"name":"device-006","exampleCanonical":"https://dhin.org/2025Connectathon/StructureDefinition/ng-device","groupingId":"-ex-example"},{"extension":[{"url":"http://hl7.org/fhir/tools/StructureDefinition/resource-sort","valueInteger":999999999},{"url":"http://hl7.org/fhir/StructureDefinition/implementationguide-page","valueUri":"Device-device-007.html"}],"reference":{"reference":"Device/device-007"},"name":"device-007","exampleBoolean":true,"groupingId":"-ex-example"},{"extension":[{"url":"http://hl7.org/fhir/tools/StructureDefinition/resource-sort","valueInteger":999999999},{"url":"http://hl7.org/fhir/StructureDefinition/implementationguide-page","valueUri":"Device-device-008.html"}],"reference":{"reference":"Device/device-008"},"name":"device-008","exampleBoolean":true,"groupingId":"-ex-example"},{"extension":[{"url":"http://hl7.org/fhir/tools/StructureDefinition/resource-sort","valueInteger":999999999},{"url":"http://hl7.org/fhir/StructureDefinition/implementationguide-page","valueUri":"DeviceDefinition-device-def-006.html"}],"reference":{"reference":"DeviceDefinition/device-def-006"},"name":"device-def-006","exampleCanonical":"https://dhin.org/2025Connectathon/StructureDefinition/ng-device-definition","groupingId":"-ex-example"},{"extension":[{"url":"http://hl7.org/fhir/tools/StructureDefinition/resource-sort","valueInteger":999999999},{"url":"http://hl7.org/fhir/StructureDefinition/implementationguide-page","valueUri":"DeviceMetric-deviceMetric-008.html"}],"reference":{"reference":"DeviceMetric/deviceMetric-008"},"name":"deviceMetric-008","exampleBoolean":true,"groupingId":"-ex-example"},{"extension":[{"url":"http://hl7.org/fhir/tools/StructureDefinition/resource-sort","valueInteger":999999999},{"url":"http://hl7.org/fhir/StructureDefinition/implementationguide-page","valueUri":"DiagnosticReport-diagnostic-report-008.html"}],"reference":{"reference":"DiagnosticReport/diagnostic-report-008"},"name":"diagnostic-report-008","exampleBoolean":true,"groupingId":"-ex-example"},{"extension":[{"url":"http://hl7.org/fhir/tools/StructureDefinition/resource-sort","valueInteger":999999999},{"url":"http://hl7.org/fhir/StructureDefinition/implementationguide-page","valueUri":"Encounter-encounter-008.html"}],"reference":{"reference":"Encounter/encounter-008"},"name":"encounter-008","exampleBoolean":true,"groupingId":"-ex-example"},{"extension":[{"url":"http://hl7.org/fhir/tools/StructureDefinition/resource-sort","valueInteger":999999999},{"url":"http://hl7.org/fhir/StructureDefinition/implementationguide-page","valueUri":"DeviceMetric-metric-003.html"}],"reference":{"reference":"DeviceMetric/metric-003"},"name":"metric-003","exampleBoolean":true,"groupingId":"-ex-example"},{"extension":[{"url":"http://hl7.org/fhir/tools/StructureDefinition/resource-sort","valueInteger":999999999},{"url":"http://hl7.org/fhir/StructureDefinition/implementationguide-page","valueUri":"Observation-observation-003.html"}],"reference":{"reference":"Observation/observation-003"},"name":"observation-003","exampleBoolean":true,"groupingId":"-ex-example"},{"extension":[{"url":"http://hl7.org/fhir/tools/StructureDefinition/resource-sort","valueInteger":999999999},{"url":"http://hl7.org/fhir/StructureDefinition/implementationguide-page","valueUri":"Observation-observation-hr.html"}],"reference":{"reference":"Observation/observation-hr"},"name":"observation-hr","exampleBoolean":true,"groupingId":"-ex-example"},{"extension":[{"url":"http://hl7.org/fhir/tools/StructureDefinition/resource-sort","valueInteger":999999999},{"url":"http://hl7.org/fhir/StructureDefinition/implementationguide-page","valueUri":"Organization-org-005.html"}],"reference":{"reference":"Organization/org-005"},"name":"org-005","exampleBoolean":true,"groupingId":"-ex-example"},{"extension":[{"url":"http://hl7.org/fhir/tools/StructureDefinition/resource-sort","valueInteger":999999999},{"url":"http://hl7.org/fhir/StructureDefinition/implementationguide-page","valueUri":"Organization-org-007.html"}],"reference":{"reference":"Organization/org-007"},"name":"org-007","exampleBoolean":true,"groupingId":"-ex-example"},{"extension":[{"url":"http://hl7.org/fhir/tools/StructureDefinition/resource-sort","valueInteger":999999999},{"url":"http://hl7.org/fhir/StructureDefinition/implementationguide-page","valueUri":"Organization-org-manufacturer.html"}],"reference":{"reference":"Organization/org-manufacturer"},"name":"org-manufacturer","exampleCanonical":"https://dhin.org/2025Connectathon/StructureDefinition/ng-imm-organization","groupingId":"-ex-example"},{"extension":[{"url":"http://hl7.org/fhir/tools/StructureDefinition/resource-sort","valueInteger":999999999},{"url":"http://hl7.org/fhir/StructureDefinition/implementationguide-page","valueUri":"Patient-patient-005.html"}],"reference":{"reference":"Patient/patient-005"},"name":"patient-005","exampleBoolean":true,"groupingId":"-ex-example"},{"extension":[{"url":"http://hl7.org/fhir/tools/StructureDefinition/resource-sort","valueInteger":999999999},{"url":"http://hl7.org/fhir/StructureDefinition/implementationguide-page","valueUri":"Patient-patient-008.html"}],"reference":{"reference":"Patient/patient-008"},"name":"patient-008","exampleBoolean":true,"groupingId":"-ex-example"},{"extension":[{"url":"http://hl7.org/fhir/tools/StructureDefinition/resource-sort","valueInteger":999999999},{"url":"http://hl7.org/fhir/StructureDefinition/implementationguide-page","valueUri":"Practitioner-practitioner-007.html"}],"reference":{"reference":"Practitioner/practitioner-007"},"name":"practitioner-007","exampleBoolean":true,"groupingId":"-ex-example"},{"extension":[{"url":"http://hl7.org/fhir/tools/StructureDefinition/resource-sort","valueInteger":999999999},{"url":"http://hl7.org/fhir/StructureDefinition/implementationguide-page","valueUri":"Provenance-provenance-005.html"}],"reference":{"reference":"Provenance/provenance-005"},"name":"provenance-005","exampleBoolean":true,"groupingId":"-ex-example"},{"extension":[{"url":"http://hl7.org/fhir/tools/StructureDefinition/resource-sort","valueInteger":999999999},{"url":"http://hl7.org/fhir/StructureDefinition/implementationguide-page","valueUri":"ServiceRequest-service-request-007.html"}],"reference":{"reference":"ServiceRequest/service-request-007"},"name":"service-request-007","exampleBoolean":true,"groupingId":"-ex-example"},{"extension":[{"url":"http://hl7.org/fhir/tools/StructureDefinition/resource-sort","valueInteger":999999999},{"url":"http://hl7.org/fhir/StructureDefinition/implementationguide-page","valueUri":"Task-task-007.html"}],"reference":{"reference":"Task/task-007"},"name":"task-007","exampleBoolean":true,"groupingId":"-ex-example"}],"page":{"extension":[{"url":"http://hl7.org/fhir/tools/StructureDefinition/ig-page-name","valueUrl":"toc.html"}],"nameUrl":"toc.html","title":"Table of Contents","generation":"html","page":[{"extension":[{"url":"http://hl7.org/fhir/tools/StructureDefinition/ig-page-name","valueUrl":"index.html"}],"nameUrl":"index.html","title":"Home","generation":"markdown"},{"extension":[{"url":"http://hl7.org/fhir/tools/StructureDefinition/ig-page-name","valueUrl":"search-operation.html"}],"nameUrl":"search-operation.html","title":"Search and Operation","generation":"markdown"},{"extension":[{"url":"http://hl7.org/fhir/tools/StructureDefinition/ig-page-name","valueUrl":"artifacts.html"}],"nameUrl":"artifacts.html","title":"Artifacts Summary","generation":"html","page":[{"extension":[{"url":"http://hl7.org/fhir/tools/StructureDefinition/ig-page-name","valueUrl":"StructureDefinition-ng-bundle-device-audit.html"}],"nameUrl":"StructureDefinition-ng-bundle-device-audit.html","title":"1-NG-Bundle: Device Audit","generation":"generated"},{"extension":[{"url":"http://hl7.org/fhir/tools/StructureDefinition/ig-page-name","valueUrl":"StructureDefinition-ng-bundle-device-monitoring-session.html"}],"nameUrl":"StructureDefinition-ng-bundle-device-monitoring-session.html","title":"2-NG-Bundle: Device Monitoring Session","generation":"generated"},{"extension":[{"url":"http://hl7.org/fhir/tools/StructureDefinition/ig-page-name","valueUrl":"StructureDefinition-ng-bundle-device-observation.html"}],"nameUrl":"StructureDefinition-ng-bundle-device-observation.html","title":"3-NG-Bundle: Device Observation","generation":"generated"},{"extension":[{"url":"http://hl7.org/fhir/tools/StructureDefinition/ig-page-name","valueUrl":"StructureDefinition-ng-bundle-device-provenance.html"}],"nameUrl":"StructureDefinition-ng-bundle-device-provenance.html","title":"4-NG-Bundle: Device Provenance","generation":"generated"},{"extension":[{"url":"http://hl7.org/fhir/tools/StructureDefinition/ig-page-name","valueUrl":"StructureDefinition-ng-bundle-device-registration.html"}],"nameUrl":"StructureDefinition-ng-bundle-device-registration.html","title":"5-NG-Bundle: Device Registration","generation":"generated"},{"extension":[{"url":"http://hl7.org/fhir/tools/StructureDefinition/ig-page-name","valueUrl":"StructureDefinition-ng-bundle-device-task-execution.html"}],"nameUrl":"StructureDefinition-ng-bundle-device-task-execution.html","title":"6-NG-Bundle: Device Task Execution","generation":"generated"},{"extension":[{"url":"http://hl7.org/fhir/tools/StructureDefinition/ig-page-name","valueUrl":"StructureDefinition-ng-audit-event.html"}],"nameUrl":"StructureDefinition-ng-audit-event.html","title":"NG AuditEvent","generation":"generated"},{"extension":[{"url":"http://hl7.org/fhir/tools/StructureDefinition/ig-page-name","valueUrl":"StructureDefinition-ng-communication.html"}],"nameUrl":"StructureDefinition-ng-communication.html","title":"NG Communication","generation":"generated"},{"extension":[{"url":"http://hl7.org/fhir/tools/StructureDefinition/ig-page-name","valueUrl":"StructureDefinition-ng-device.html"}],"nameUrl":"StructureDefinition-ng-device.html","title":"NG Device","generation":"generated"},{"extension":[{"url":"http://hl7.org/fhir/tools/StructureDefinition/ig-page-name","valueUrl":"StructureDefinition-ng-device-definition.html"}],"nameUrl":"StructureDefinition-ng-device-definition.html","title":"NG DeviceDefinition","generation":"generated"},{"extension":[{"url":"http://hl7.org/fhir/tools/StructureDefinition/ig-page-name","valueUrl":"StructureDefinition-ng-device-metric.html"}],"nameUrl":"StructureDefinition-ng-device-metric.html","title":"NG DeviceMetric","generation":"generated"},{"extension":[{"url":"http://hl7.org/fhir/tools/StructureDefinition/ig-page-name","valueUrl":"StructureDefinition-ng-diagnostic-report.html"}],"nameUrl":"StructureDefinition-ng-diagnostic-report.html","title":"NG DiagnosticReport","generation":"generated"},{"extension":[{"url":"http://hl7.org/fhir/tools/StructureDefinition/ig-page-name","valueUrl":"StructureDefinition-ng-document-reference.html"}],"nameUrl":"StructureDefinition-ng-document-reference.html","title":"NG DocumentReference","generation":"generated"},{"extension":[{"url":"http://hl7.org/fhir/tools/StructureDefinition/ig-page-name","valueUrl":"StructureDefinition-ng-prescription-encounter.html"}],"nameUrl":"StructureDefinition-ng-prescription-encounter.html","title":"NG Encounter","generation":"generated"},{"extension":[{"url":"http://hl7.org/fhir/tools/StructureDefinition/ig-page-name","valueUrl":"StructureDefinition-ng-location.html"}],"nameUrl":"StructureDefinition-ng-location.html","title":"NG Location","generation":"generated"},{"extension":[{"url":"http://hl7.org/fhir/tools/StructureDefinition/ig-page-name","valueUrl":"StructureDefinition-ng-medication.html"}],"nameUrl":"StructureDefinition-ng-medication.html","title":"NG Medication","generation":"generated"},{"extension":[{"url":"http://hl7.org/fhir/tools/StructureDefinition/ig-page-name","valueUrl":"StructureDefinition-ng-medication-dispense.html"}],"nameUrl":"StructureDefinition-ng-medication-dispense.html","title":"NG MedicationDispense","generation":"generated"},{"extension":[{"url":"http://hl7.org/fhir/tools/StructureDefinition/ig-page-name","valueUrl":"StructureDefinition-ng-medication-request.html"}],"nameUrl":"StructureDefinition-ng-medication-request.html","title":"NG MedicationRequest","generation":"generated"},{"extension":[{"url":"http://hl7.org/fhir/tools/StructureDefinition/ig-page-name","valueUrl":"StructureDefinition-ng-observation-labresult.html"}],"nameUrl":"StructureDefinition-ng-observation-labresult.html","title":"NG Observation - Laboratory Result","generation":"generated"},{"extension":[{"url":"http://hl7.org/fhir/tools/StructureDefinition/ig-page-name","valueUrl":"StructureDefinition-ng-imm-organization.html"}],"nameUrl":"StructureDefinition-ng-imm-organization.html","title":"NG Organization","generation":"generated"},{"extension":[{"url":"http://hl7.org/fhir/tools/StructureDefinition/ig-page-name","valueUrl":"StructureDefinition-NgPatient.html"}],"nameUrl":"StructureDefinition-NgPatient.html","title":"NG Patient","generation":"generated"},{"extension":[{"url":"http://hl7.org/fhir/tools/StructureDefinition/ig-page-name","valueUrl":"StructureDefinition-NgPractitioner.html"}],"nameUrl":"StructureDefinition-NgPractitioner.html","title":"NG Practitioner","generation":"generated"},{"extension":[{"url":"http://hl7.org/fhir/tools/StructureDefinition/ig-page-name","valueUrl":"StructureDefinition-ng-practitionerrole.html"}],"nameUrl":"StructureDefinition-ng-practitionerrole.html","title":"NG PractitionerRole","generation":"generated"},{"extension":[{"url":"http://hl7.org/fhir/tools/StructureDefinition/ig-page-name","valueUrl":"StructureDefinition-ng-provenance.html"}],"nameUrl":"StructureDefinition-ng-provenance.html","title":"NG Provenance","generation":"generated"},{"extension":[{"url":"http://hl7.org/fhir/tools/StructureDefinition/ig-page-name","valueUrl":"StructureDefinition-ng-claim-task.html"}],"nameUrl":"StructureDefinition-ng-claim-task.html","title":"NG Task","generation":"generated"},{"extension":[{"url":"http://hl7.org/fhir/tools/StructureDefinition/ig-page-name","valueUrl":"StructureDefinition-ng-claim-coverage.html"}],"nameUrl":"StructureDefinition-ng-claim-coverage.html","title":"NG-Claim Coverage","generation":"generated"},{"extension":[{"url":"http://hl7.org/fhir/tools/StructureDefinition/ig-page-name","valueUrl":"StructureDefinition-ng-eligibility-request.html"}],"nameUrl":"StructureDefinition-ng-eligibility-request.html","title":"NG-CoverageEligibilityRequest","generation":"generated"},{"extension":[{"url":"http://hl7.org/fhir/tools/StructureDefinition/ig-page-name","valueUrl":"ValueSet-nigeria-gender.html"}],"nameUrl":"ValueSet-nigeria-gender.html","title":"NG-Imm Gender or Sex VS","generation":"generated"},{"extension":[{"url":"http://hl7.org/fhir/tools/StructureDefinition/ig-page-name","valueUrl":"ValueSet-nigeria-facility-types.html"}],"nameUrl":"ValueSet-nigeria-facility-types.html","title":"NG-Imm HealthFacility Type VS","generation":"generated"},{"extension":[{"url":"http://hl7.org/fhir/tools/StructureDefinition/ig-page-name","valueUrl":"ValueSet-nigeria-languages.html"}],"nameUrl":"ValueSet-nigeria-languages.html","title":"NG-Imm Languages VS","generation":"generated"},{"extension":[{"url":"http://hl7.org/fhir/tools/StructureDefinition/ig-page-name","valueUrl":"ValueSet-nigeria-lgas.html"}],"nameUrl":"ValueSet-nigeria-lgas.html","title":"NG-Imm LGAs VS","generation":"generated"},{"extension":[{"url":"http://hl7.org/fhir/tools/StructureDefinition/ig-page-name","valueUrl":"ValueSet-nigeria-location-owner.html"}],"nameUrl":"ValueSet-nigeria-location-owner.html","title":"NG-Imm Location Owner","generation":"generated"},{"extension":[{"url":"http://hl7.org/fhir/tools/StructureDefinition/ig-page-name","valueUrl":"ValueSet-nigeria-states.html"}],"nameUrl":"ValueSet-nigeria-states.html","title":"NG-Imm States VS","generation":"generated"},{"extension":[{"url":"http://hl7.org/fhir/tools/StructureDefinition/ig-page-name","valueUrl":"ValueSet-nigeria-wards.html"}],"nameUrl":"ValueSet-nigeria-wards.html","title":"NG-Imm Wards VS","generation":"generated"},{"extension":[{"url":"http://hl7.org/fhir/tools/StructureDefinition/ig-page-name","valueUrl":"CodeSystem-nigeria-wards.html"}],"nameUrl":"CodeSystem-nigeria-wards.html","title":"NG-Imm Administrative Wards CS","generation":"generated"},{"extension":[{"url":"http://hl7.org/fhir/tools/StructureDefinition/ig-page-name","valueUrl":"CodeSystem-nigeria-facility-type.html"}],"nameUrl":"CodeSystem-nigeria-facility-type.html","title":"NG-Imm Facility Type CS","generation":"generated"},{"extension":[{"url":"http://hl7.org/fhir/tools/StructureDefinition/ig-page-name","valueUrl":"CodeSystem-nigeria-gender.html"}],"nameUrl":"CodeSystem-nigeria-gender.html","title":"NG-Imm Gender CS","generation":"generated"},{"extension":[{"url":"http://hl7.org/fhir/tools/StructureDefinition/ig-page-name","valueUrl":"CodeSystem-nigeria-lgas.html"}],"nameUrl":"CodeSystem-nigeria-lgas.html","title":"NG-Imm LGAs in Nigeria CS","generation":"generated"},{"extension":[{"url":"http://hl7.org/fhir/tools/StructureDefinition/ig-page-name","valueUrl":"CodeSystem-nigeria-location-owner-cs.html"}],"nameUrl":"CodeSystem-nigeria-location-owner-cs.html","title":"NG-Imm Location Owner CS","generation":"generated"},{"extension":[{"url":"http://hl7.org/fhir/tools/StructureDefinition/ig-page-name","valueUrl":"CodeSystem-nigeria-states.html"}],"nameUrl":"CodeSystem-nigeria-states.html","title":"NG-Imm States in Nigeria CS","generation":"generated"},{"extension":[{"url":"http://hl7.org/fhir/tools/StructureDefinition/ig-page-name","valueUrl":"CodeSystem-nigeria-languages.html"}],"nameUrl":"CodeSystem-nigeria-languages.html","title":"NG‑Imm Languages in Nigeria CS","generation":"generated"},{"extension":[{"url":"http://hl7.org/fhir/tools/StructureDefinition/ig-page-name","valueUrl":"Device-device-001.html"}],"nameUrl":"Device-device-001.html","title":"device-001","generation":"generated"},{"extension":[{"url":"http://hl7.org/fhir/tools/StructureDefinition/ig-page-name","valueUrl":"Device-device-003.html"}],"nameUrl":"Device-device-003.html","title":"device-003","generation":"generated"},{"extension":[{"url":"http://hl7.org/fhir/tools/StructureDefinition/ig-page-name","valueUrl":"Device-device-006.html"}],"nameUrl":"Device-device-006.html","title":"device-006","generation":"generated"},{"extension":[{"url":"http://hl7.org/fhir/tools/StructureDefinition/ig-page-name","valueUrl":"Device-device-007.html"}],"nameUrl":"Device-device-007.html","title":"device-007","generation":"generated"},{"extension":[{"url":"http://hl7.org/fhir/tools/StructureDefinition/ig-page-name","valueUrl":"Device-device-008.html"}],"nameUrl":"Device-device-008.html","title":"device-008","generation":"generated"},{"extension":[{"url":"http://hl7.org/fhir/tools/StructureDefinition/ig-page-name","valueUrl":"DeviceDefinition-device-def-006.html"}],"nameUrl":"DeviceDefinition-device-def-006.html","title":"device-def-006","generation":"generated"},{"extension":[{"url":"http://hl7.org/fhir/tools/StructureDefinition/ig-page-name","valueUrl":"DeviceMetric-deviceMetric-008.html"}],"nameUrl":"DeviceMetric-deviceMetric-008.html","title":"deviceMetric-008","generation":"generated"},{"extension":[{"url":"http://hl7.org/fhir/tools/StructureDefinition/ig-page-name","valueUrl":"DiagnosticReport-diagnostic-report-008.html"}],"nameUrl":"DiagnosticReport-diagnostic-report-008.html","title":"diagnostic-report-008","generation":"generated"},{"extension":[{"url":"http://hl7.org/fhir/tools/StructureDefinition/ig-page-name","valueUrl":"Encounter-encounter-008.html"}],"nameUrl":"Encounter-encounter-008.html","title":"encounter-008","generation":"generated"},{"extension":[{"url":"http://hl7.org/fhir/tools/StructureDefinition/ig-page-name","valueUrl":"Medication-medication-004.html"}],"nameUrl":"Medication-medication-004.html","title":"Example: Amoxicillin 250mg Capsule","generation":"generated"},{"extension":[{"url":"http://hl7.org/fhir/tools/StructureDefinition/ig-page-name","valueUrl":"AuditEvent-audit-003.html"}],"nameUrl":"AuditEvent-audit-003.html","title":"Example: AuditEvent for Prescription Access","generation":"generated"},{"extension":[{"url":"http://hl7.org/fhir/tools/StructureDefinition/ig-page-name","valueUrl":"DeviceDefinition-chemistry-analyzer-definition.html"}],"nameUrl":"DeviceDefinition-chemistry-analyzer-definition.html","title":"Example: Chemistry Analyzer Definition","generation":"generated"},{"extension":[{"url":"http://hl7.org/fhir/tools/StructureDefinition/ig-page-name","valueUrl":"Device-chemistry-analyzer-device.html"}],"nameUrl":"Device-chemistry-analyzer-device.html","title":"Example: Chemistry Analyzer Device","generation":"generated"},{"extension":[{"url":"http://hl7.org/fhir/tools/StructureDefinition/ig-page-name","valueUrl":"Coverage-coverage-004.html"}],"nameUrl":"Coverage-coverage-004.html","title":"Example: Claim Coverage","generation":"generated"},{"extension":[{"url":"http://hl7.org/fhir/tools/StructureDefinition/ig-page-name","valueUrl":"Communication-example-communication.html"}],"nameUrl":"Communication-example-communication.html","title":"Example: Communication from Pharmacy to Prescriber","generation":"generated"},{"extension":[{"url":"http://hl7.org/fhir/tools/StructureDefinition/ig-page-name","valueUrl":"CoverageEligibilityRequest-eligibility-request-004.html"}],"nameUrl":"CoverageEligibilityRequest-eligibility-request-004.html","title":"Example: Coverage Eligibility Request","generation":"generated"},{"extension":[{"url":"http://hl7.org/fhir/tools/StructureDefinition/ig-page-name","valueUrl":"Bundle-DeviceAuditExample.html"}],"nameUrl":"Bundle-DeviceAuditExample.html","title":"Example: Device Audit Bundle","generation":"generated"},{"extension":[{"url":"http://hl7.org/fhir/tools/StructureDefinition/ig-page-name","valueUrl":"Bundle-DeviceMonitoringSessionExample.html"}],"nameUrl":"Bundle-DeviceMonitoringSessionExample.html","title":"Example: Device Monitoring Session","generation":"generated"},{"extension":[{"url":"http://hl7.org/fhir/tools/StructureDefinition/ig-page-name","valueUrl":"Bundle-DeviceObservationBundleExample.html"}],"nameUrl":"Bundle-DeviceObservationBundleExample.html","title":"Example: Device Observation Bundle","generation":"generated"},{"extension":[{"url":"http://hl7.org/fhir/tools/StructureDefinition/ig-page-name","valueUrl":"Bundle-DeviceProvenanceBundleExample.html"}],"nameUrl":"Bundle-DeviceProvenanceBundleExample.html","title":"Example: Device Provenance Bundle","generation":"generated"},{"extension":[{"url":"http://hl7.org/fhir/tools/StructureDefinition/ig-page-name","valueUrl":"Bundle-DeviceRegistrationBundle001.html"}],"nameUrl":"Bundle-DeviceRegistrationBundle001.html","title":"Example: Device Registration Bundle","generation":"generated"},{"extension":[{"url":"http://hl7.org/fhir/tools/StructureDefinition/ig-page-name","valueUrl":"Bundle-DeviceTaskExecutionBundle.html"}],"nameUrl":"Bundle-DeviceTaskExecutionBundle.html","title":"Example: Device Task Execution Bundle","generation":"generated"},{"extension":[{"url":"http://hl7.org/fhir/tools/StructureDefinition/ig-page-name","valueUrl":"Observation-lab-observation-004.html"}],"nameUrl":"Observation-lab-observation-004.html","title":"Example: Lab Result Observation","generation":"generated"},{"extension":[{"url":"http://hl7.org/fhir/tools/StructureDefinition/ig-page-name","valueUrl":"MedicationDispense-dispense-004.html"}],"nameUrl":"MedicationDispense-dispense-004.html","title":"Example: Medication Dispense","generation":"generated"},{"extension":[{"url":"http://hl7.org/fhir/tools/StructureDefinition/ig-page-name","valueUrl":"MedicationRequest-medicationrequest-004.html"}],"nameUrl":"MedicationRequest-medicationrequest-004.html","title":"Example: MedicationRequest","generation":"generated"},{"extension":[{"url":"http://hl7.org/fhir/tools/StructureDefinition/ig-page-name","valueUrl":"DeviceMetric-devicemetric-004.html"}],"nameUrl":"DeviceMetric-devicemetric-004.html","title":"Example: NG DeviceMetric","generation":"generated"},{"extension":[{"url":"http://hl7.org/fhir/tools/StructureDefinition/ig-page-name","valueUrl":"DiagnosticReport-ExampleNgDiagnosticReport.html"}],"nameUrl":"DiagnosticReport-ExampleNgDiagnosticReport.html","title":"Example: NG Diagnostic Report","generation":"generated"},{"extension":[{"url":"http://hl7.org/fhir/tools/StructureDefinition/ig-page-name","valueUrl":"Organization-organization-004.html"}],"nameUrl":"Organization-organization-004.html","title":"Example: NG Organization","generation":"generated"},{"extension":[{"url":"http://hl7.org/fhir/tools/StructureDefinition/ig-page-name","valueUrl":"Patient-patient-004.html"}],"nameUrl":"Patient-patient-004.html","title":"Example: NG Patient","generation":"generated"},{"extension":[{"url":"http://hl7.org/fhir/tools/StructureDefinition/ig-page-name","valueUrl":"Practitioner-practitioner-004.html"}],"nameUrl":"Practitioner-practitioner-004.html","title":"Example: NG Practitioner","generation":"generated"},{"extension":[{"url":"http://hl7.org/fhir/tools/StructureDefinition/ig-page-name","valueUrl":"PractitionerRole-practitioner-role-004.html"}],"nameUrl":"PractitionerRole-practitioner-role-004.html","title":"Example: NG PractitionerRole","generation":"generated"},{"extension":[{"url":"http://hl7.org/fhir/tools/StructureDefinition/ig-page-name","valueUrl":"Location-example-location.html"}],"nameUrl":"Location-example-location.html","title":"Example: Pharmacy Location","generation":"generated"},{"extension":[{"url":"http://hl7.org/fhir/tools/StructureDefinition/ig-page-name","valueUrl":"Encounter-encounter-004.html"}],"nameUrl":"Encounter-encounter-004.html","title":"Example: Prescription Encounter","generation":"generated"},{"extension":[{"url":"http://hl7.org/fhir/tools/StructureDefinition/ig-page-name","valueUrl":"Provenance-provenance-004.html"}],"nameUrl":"Provenance-provenance-004.html","title":"Example: Provenance of ePrescription","generation":"generated"},{"extension":[{"url":"http://hl7.org/fhir/tools/StructureDefinition/ig-page-name","valueUrl":"DocumentReference-example-document-reference.html"}],"nameUrl":"DocumentReference-example-document-reference.html","title":"Example: Scanned Discharge Summary","generation":"generated"},{"extension":[{"url":"http://hl7.org/fhir/tools/StructureDefinition/ig-page-name","valueUrl":"Task-example-claim-task.html"}],"nameUrl":"Task-example-claim-task.html","title":"Example: Task for Dispensing Prescription","generation":"generated"},{"extension":[{"url":"http://hl7.org/fhir/tools/StructureDefinition/ig-page-name","valueUrl":"DeviceMetric-metric-003.html"}],"nameUrl":"DeviceMetric-metric-003.html","title":"metric-003","generation":"generated"},{"extension":[{"url":"http://hl7.org/fhir/tools/StructureDefinition/ig-page-name","valueUrl":"Observation-observation-003.html"}],"nameUrl":"Observation-observation-003.html","title":"observation-003","generation":"generated"},{"extension":[{"url":"http://hl7.org/fhir/tools/StructureDefinition/ig-page-name","valueUrl":"Observation-observation-hr.html"}],"nameUrl":"Observation-observation-hr.html","title":"observation-hr","generation":"generated"},{"extension":[{"url":"http://hl7.org/fhir/tools/StructureDefinition/ig-page-name","valueUrl":"Organization-org-005.html"}],"nameUrl":"Organization-org-005.html","title":"org-005","generation":"generated"},{"extension":[{"url":"http://hl7.org/fhir/tools/StructureDefinition/ig-page-name","valueUrl":"Organization-org-007.html"}],"nameUrl":"Organization-org-007.html","title":"org-007","generation":"generated"},{"extension":[{"url":"http://hl7.org/fhir/tools/StructureDefinition/ig-page-name","valueUrl":"Organization-org-manufacturer.html"}],"nameUrl":"Organization-org-manufacturer.html","title":"org-manufacturer","generation":"generated"},{"extension":[{"url":"http://hl7.org/fhir/tools/StructureDefinition/ig-page-name","valueUrl":"Patient-patient-005.html"}],"nameUrl":"Patient-patient-005.html","title":"patient-005","generation":"generated"},{"extension":[{"url":"http://hl7.org/fhir/tools/StructureDefinition/ig-page-name","valueUrl":"Patient-patient-008.html"}],"nameUrl":"Patient-patient-008.html","title":"patient-008","generation":"generated"},{"extension":[{"url":"http://hl7.org/fhir/tools/StructureDefinition/ig-page-name","valueUrl":"Practitioner-practitioner-007.html"}],"nameUrl":"Practitioner-practitioner-007.html","title":"practitioner-007","generation":"generated"},{"extension":[{"url":"http://hl7.org/fhir/tools/StructureDefinition/ig-page-name","valueUrl":"Provenance-provenance-005.html"}],"nameUrl":"Provenance-provenance-005.html","title":"provenance-005","generation":"generated"},{"extension":[{"url":"http://hl7.org/fhir/tools/StructureDefinition/ig-page-name","valueUrl":"ServiceRequest-service-request-007.html"}],"nameUrl":"ServiceRequest-service-request-007.html","title":"service-request-007","generation":"generated"},{"extension":[{"url":"http://hl7.org/fhir/tools/StructureDefinition/ig-page-name","valueUrl":"Task-task-007.html"}],"nameUrl":"Task-task-007.html","title":"task-007","generation":"generated"}]}]},"parameter":[{"code":"path-resource","value":"input/capabilities"},{"code":"path-resource","value":"input/examples"},{"code":"path-resource","value":"input/extensions"},{"code":"path-resource","value":"input/models"},{"code":"path-resource","value":"input/operations"},{"code":"path-resource","value":"input/profiles"},{"code":"path-resource","value":"input/resources"},{"code":"path-resource","value":"input/vocabulary"},{"code":"path-resource","value":"input/maps"},{"code":"path-resource","value":"input/testing"},{"code":"path-resource","value":"input/history"},{"code":"path-resource","value":"fsh-generated/resources"},{"code":"path-pages","value":"template/config"},{"code":"path-pages","value":"input/images"},{"code":"path-tx-cache","value":"input-cache/txcache"}]}}