{
  "resourceType" : "Bundle",
  "id" : "DeviceMonitoringSessionExample",
  "meta" : {
    "profile" : ["https://dhin.org/2025Connectathon/StructureDefinition/ng-bundle-device-monitoring-session"]
  },
  "type" : "collection",
  "timestamp" : "2025-07-30T10:00:00+01:00",
  "entry" : [{
    "fullUrl" : "urn:uuid:device-003",
    "resource" : {
      "resourceType" : "Device",
      "id" : "device-008",
      "text" : {
        "status" : "generated",
        "div" : "<div xmlns=\"http://www.w3.org/1999/xhtml\"><a name=\"Device_device-008\"> </a><p class=\"res-header-id\"><b>Generated Narrative: Device device-008</b></p><a name=\"device-008\"> </a><a name=\"hcdevice-008\"> </a><p><b>identifier</b>: <code>http://hospital.smartdev.com/devices</code>/CHEM-ANA-0099</p><p><b>status</b>: Active</p><p><b>manufacturer</b>: SmartDev</p><h3>DeviceNames</h3><table class=\"grid\"><tr><td style=\"display: none\">-</td><td><b>Name</b></td><td><b>Type</b></td></tr><tr><td style=\"display: none\">*</td><td>Chemistry Analyser 9000</td><td>Manufacturer name</td></tr></table><p><b>type</b>: <span title=\"Codes:\">Chemistry Analyser</span></p></div>"
      },
      "identifier" : [{
        "system" : "http://hospital.smartdev.com/devices",
        "value" : "CHEM-ANA-0099"
      }],
      "status" : "active",
      "manufacturer" : "SmartDev",
      "deviceName" : [{
        "name" : "Chemistry Analyser 9000",
        "type" : "manufacturer-name"
      }],
      "type" : {
        "text" : "Chemistry Analyser"
      }
    }
  },
  {
    "fullUrl" : "urn:uuid:deviceMetric-003",
    "resource" : {
      "resourceType" : "DeviceMetric",
      "id" : "deviceMetric-008",
      "text" : {
        "status" : "generated",
        "div" : "<div xmlns=\"http://www.w3.org/1999/xhtml\"><a name=\"DeviceMetric_deviceMetric-008\"> </a><p class=\"res-header-id\"><b>Generated Narrative: DeviceMetric deviceMetric-008</b></p><a name=\"deviceMetric-008\"> </a><a name=\"hcdeviceMetric-008\"> </a><p><b>type</b>: <span title=\"Codes:\">Heart Rate</span></p><p><b>unit</b>: <span title=\"Codes:\">beats/min</span></p><p><b>parent</b>: <a href=\"Bundle-DeviceAuditExample.html#urn-uuid-device-001\">Bundle: type = collection; timestamp = 2025-07-30 10:10:00+0100</a></p><p><b>operationalStatus</b>: On</p><p><b>category</b>: Measurement</p></div>"
      },
      "type" : {
        "text" : "Heart Rate"
      },
      "unit" : {
        "text" : "beats/min"
      },
      "parent" : {
        "reference" : "urn:uuid:device-001"
      },
      "operationalStatus" : "on",
      "category" : "measurement"
    }
  },
  {
    "fullUrl" : "urn:uuid:observation-hr",
    "resource" : {
      "resourceType" : "Observation",
      "id" : "observation-hr",
      "text" : {
        "status" : "generated",
        "div" : "<div xmlns=\"http://www.w3.org/1999/xhtml\"><a name=\"Observation_observation-hr\"> </a><p class=\"res-header-id\"><b>Generated Narrative: Observation observation-hr</b></p><a name=\"observation-hr\"> </a><a name=\"hcobservation-hr\"> </a><p><b>status</b>: Final</p><p><b>code</b>: <span title=\"Codes:\">Heart Rate</span></p><p><b>subject</b>: <code>urn:uuid:patient-001</code></p><p><b>effective</b>: 2025-07-30 09:58:00+0100</p><p><b>value</b>: 84 beats/min</p><p><b>device</b>: <a href=\"Bundle-DeviceAuditExample.html#urn-uuid-device-001\">Bundle: type = collection; timestamp = 2025-07-30 10:10:00+0100</a></p></div>"
      },
      "status" : "final",
      "code" : {
        "text" : "Heart Rate"
      },
      "subject" : {
        "reference" : "urn:uuid:patient-001"
      },
      "effectiveDateTime" : "2025-07-30T09:58:00+01:00",
      "valueQuantity" : {
        "value" : 84,
        "unit" : "beats/min"
      },
      "device" : {
        "reference" : "urn:uuid:device-001"
      }
    }
  },
  {
    "fullUrl" : "urn:uuid:diagnostic-report-003",
    "resource" : {
      "resourceType" : "DiagnosticReport",
      "id" : "diagnostic-report-008",
      "text" : {
        "status" : "generated",
        "div" : "<div xmlns=\"http://www.w3.org/1999/xhtml\"><a name=\"DiagnosticReport_diagnostic-report-008\"> </a><p class=\"res-header-id\"><b>Generated Narrative: DiagnosticReport diagnostic-report-008</b></p><a name=\"diagnostic-report-008\"> </a><a name=\"hcdiagnostic-report-008\"> </a><h2><span title=\"Codes:\">Vital Signs Summary</span> </h2><table class=\"grid\"><tr><td>Subject</td><td>Unable to get Patient Details</td></tr><tr><td>When For</td><td>2025-07-30 10:00:00+0100</td></tr></table><p><b>Report Details</b></p><table class=\"grid\"><tr><td><b>Code</b></td><td><b>Value</b></td></tr><tr><td/><td/></tr></table></div>"
      },
      "status" : "final",
      "code" : {
        "text" : "Vital Signs Summary"
      },
      "subject" : {
        "reference" : "urn:uuid:patient-001"
      },
      "effectiveDateTime" : "2025-07-30T10:00:00+01:00",
      "result" : [{
        "reference" : "urn:uuid:observation-hr"
      }]
    }
  },
  {
    "fullUrl" : "urn:uuid:patient-008",
    "resource" : {
      "resourceType" : "Patient",
      "id" : "patient-008",
      "text" : {
        "status" : "generated",
        "div" : "<div xmlns=\"http://www.w3.org/1999/xhtml\"><a name=\"Patient_patient-008\"> </a><p class=\"res-header-id\"><b>Generated Narrative: Patient patient-008</b></p><a name=\"patient-008\"> </a><a name=\"hcpatient-008\"> </a><p style=\"border: 1px #661aff solid; background-color: #e6e6ff; padding: 10px;\">Grace Ibrahim  Female, DoB: 1990-06-15 ( https://nimc.gov.ng#NIN98989898)</p><hr/></div>"
      },
      "identifier" : [{
        "system" : "https://nimc.gov.ng",
        "value" : "NIN98989898"
      }],
      "name" : [{
        "family" : "Ibrahim",
        "given" : ["Grace"]
      }],
      "gender" : "female",
      "birthDate" : "1990-06-15"
    }
  },
  {
    "fullUrl" : "urn:uuid:encounter-008",
    "resource" : {
      "resourceType" : "Encounter",
      "id" : "encounter-008",
      "text" : {
        "status" : "generated",
        "div" : "<div xmlns=\"http://www.w3.org/1999/xhtml\"><a name=\"Encounter_encounter-008\"> </a><p class=\"res-header-id\"><b>Generated Narrative: Encounter encounter-008</b></p><a name=\"encounter-008\"> </a><a name=\"hcencounter-008\"> </a><p><b>status</b>: Finished</p><p><b>class</b>: [not stated] AMB: AMB</p><p><b>subject</b>: <code>urn:uuid:patient-001</code></p><p><b>period</b>: 2025-07-30 09:45:00+0100 --&gt; 2025-07-30 10:05:00+0100</p></div>"
      },
      "status" : "finished",
      "class" : {
        "code" : "AMB"
      },
      "subject" : {
        "reference" : "urn:uuid:patient-001"
      },
      "period" : {
        "start" : "2025-07-30T09:45:00+01:00",
        "end" : "2025-07-30T10:05:00+01:00"
      }
    }
  }]
}