{
  "resourceType" : "Encounter",
  "id" : "encounter-008",
  "text" : {
    "status" : "generated",
    "div" : "<div xmlns=\"http://www.w3.org/1999/xhtml\"><p class=\"res-header-id\"><b>Generated Narrative: Encounter encounter-008</b></p><a name=\"encounter-008\"> </a><a name=\"hcencounter-008\"> </a><p><b>status</b>: Finished</p><p><b>class</b>: [not stated] AMB: AMB</p><p><b>subject</b>: <code>urn:uuid:patient-001</code></p><p><b>period</b>: 2025-07-30 09:45:00+0100 --&gt; 2025-07-30 10:05:00+0100</p></div>"
  },
  "status" : "finished",
  "class" : {
    "code" : "AMB"
  },
  "subject" : {
    "reference" : "urn:uuid:patient-001"
  },
  "period" : {
    "start" : "2025-07-30T09:45:00+01:00",
    "end" : "2025-07-30T10:05:00+01:00"
  }
}